seed,Test,True,ARMA,Order
3,"[0.7980877186989277, 1.2468067813411086, 1.2401457725175637, 1.5366640958549644, 1.5519090964049083, 0.20115061110280497, -0.77519480065918, 0.1100903025267086, 0.47543770245064265, -0.3961646607507813]","[0.7727444411989659, 0.41171549809944474, 1.0409490322913864, 0.7196712563718707, 1.1768284676690293, 0.9634948625703936, -0.28059682018239185, -0.6348963905679841, 0.42753849781070064, 0.26166845354529233]","[0.7776569070948284, 0.47642100579613395, 0.9799440642449746, 0.8065128218823978, 1.1659882096749625, 1.0554568893849037, -0.25245656706744757, -0.644358675938247, 0.46915977665130326, 0.31683025472180165]","(3, 0, 0)"
6,"[-0.4453356817584949, -0.8090818530260567, -0.3396503960315645, -0.45486538584113234, -1.3696958412225113, -1.3293383836789032, -0.8804124823287928, -1.1841419263023116, -1.157885584127501, 0.20079134087507833]","[0.0020627459518735014, -0.44636705473443167, -0.5858983256588408, -0.04670123320214406, -0.4315147692400603, -1.1539384566024813, -0.7523691553776627, -0.5042279046399614, -0.932027973982331, -0.6918715971363356]","[-0.0032227153524133356, -0.4266236374829153, -0.6408991522579475, -0.05274292116037904, -0.4197896512798433, -1.1990435807192004, -0.7850271960873162, -0.49837117633225, -0.9841508215406044, -0.7616276595348361]","(3, 0, 0)"
4,"[0.5410634348616266, 0.5097665400950302, 0.5667117941097729, 1.0781615282146044, 0.4083071368106441, 0.10370790334011548, 1.0541410512349865, 0.5330146905372262, 0.8459085031782458, -0.005321208465915772]","[-0.3949986432210948, 0.738562756472174, 0.14048516185894322, 0.4964692131803013, 0.8299269216244538, -0.006656324001582781, 0.10703606534090687, 1.000623018564533, 0.032703181254959635, 0.829556912550766]","[-0.34094062488382426, 0.7868408912348438, 0.07817052375982607, 0.5131787107519206, 0.868687053683452, -0.07942530580445788, 0.1229687167883509, 1.0193920958321812, -0.059781538832783164, 0.8464545114521436]","(4, 0, 0)"
5,"[-1.519516268580265, -1.9567182899100213, -0.3942312312214392, 1.2259767836303324, 0.6115227427302498, -0.8980431558406511, -1.024683007165081, -0.7525965944647041, 0.2672627656501367, -0.35985101828423405]","[-0.520535967908677, -1.2592482846259265, -1.327094147597058, 0.2693158425770898, 1.0913188623417875, 0.06586331155935604, -0.9309748116203291, -0.5591956013549165, -0.4729987937872458, 0.5037621625437596]","[-0.5275535040275441, -1.272733130821855, -1.2767893795243748, 0.2486094841007071, 0.9936746775104671, 0.0819016481484085, -0.7848906949942281, -0.4997770157535879, -0.5510602062209178, 0.438863743512918]","(4, 0, 0)"
18,"[0.6554220069690487, -0.27970866932576083, -0.36477843347642436, -0.031330279488522184, -0.4869737980110459, -1.1616764337448426, -0.8786642603399086, -0.2585873045465875, -0.1496013583854589, -0.758057730817691]","[1.072740373942728, 0.11905181999768472, -0.3392345793246032, -0.19516114381412275, 0.06625029241853919, -0.5200989442203154, -0.9016269616346848, -0.4278507795225662, -0.0446619147853044, -0.1272704009928067]","[1.1546247190145575, 0.12379581861344036, -0.31935372979891696, -0.09482918337266211, 0.0797612288756978, -0.5463323963114579, -0.9356640326272806, -0.43573023920950105, -0.09294945902344576, -0.21400905340935103]","(3, 0, 0)"
19,"[-0.9154401587451794, -0.06436007585343079, 0.4094842724044888, 0.864996052684246, 1.5430190391230463, 1.6072113163130664, 1.9569449337649647, 2.215450394275211, 1.1791069990858976, -0.35616315803360665]","[-0.6812585576001368, -0.574810879945111, 0.2230453641191247, 0.2979615903449265, 0.7160152575117827, 1.1850114103671547, 1.014705611129489, 1.4495921282002202, 1.4906543301751007, 0.4337798339983472]","[-0.7246603865941845, -0.6014529380066975, 0.30652861575192464, 0.2786125600332387, 0.6508279729521403, 1.1883942997758685, 1.000229049313455, 1.4410981051548875, 1.5446332287044893, 0.43748240261660265]","(3, 0, 0)"
20,"[0.6919287386873479, 0.4648315726744983, -0.14960425021182708, 0.18635573270171957, 0.29680787974086487, -0.4484899218346412, -0.2992076453888737, -0.06076795898061571, 0.274627471855408, -0.3427802568587124]","[0.0876909677511867, 0.6480832548117545, 0.14078994526862101, -0.2199992228461376, 0.29635534412478837, 0.14863020767847068, -0.5228050256738765, -0.037805132551935405, -0.04186539270464801, 0.295560168207732]","[0.11861970754554793, 0.6385002132675796, 0.09532752899207828, -0.21901584000837998, 0.3499177919546885, 0.09738583967612996, -0.5358605276486083, 0.03568916613664804, -0.05829793672492621, 0.25096514820738913]","(4, 0, 0)"
21,"[-0.8936733867048263, 0.18994197245032862, 1.335188669050055, 0.7564370579540775, -0.7507694914830492, -0.6151433405298958, 0.11318037870934838, -0.746704887720932, -1.7175734274000156, -1.3528722288630806]","[-0.6291354606522113, -0.5791056563787207, 0.47949480063968897, 1.0954412687302106, 0.2087164235889722, -0.8551277032775353, -0.1875794888911282, 0.20697012315491248, -0.8501899492983882, -1.2924784527508213]","[-0.5591734576396474, -0.6357869701763488, 0.5272623920793732, 1.1602142945962286, 0.18218676384971688, -0.8265689204518825, -0.12956143393809286, 0.14618554940619746, -0.9418827734562488, -1.2332017564180378]","(4, 0, 0)"
17,"[0.7177026498497739, -0.3332051284093975, -1.062168419523947, -1.7271917723626906, -2.2484326699739463, -1.6921430636559718, -1.4602003730141448, -1.4343167547945197, -1.6665329052094175, -0.9171298809888877]","[1.1081008676865838, 0.163652216006482, -0.4150312364126385, -0.8546528013176277, -1.2998653717038766, -1.5984999841220078, -0.8928930715949678, -1.0137538372166608, -0.9274398361861893, -1.202812987116323]","[1.0520841265034522, 0.1317885013867777, -0.43381815673013546, -0.92796399020978, -1.3873028730590633, -1.6393453756207943, -0.9064776017893755, -0.9898648064871707, -0.8675701115293207, -1.1314180224744175]","(4, 0, 0)"
7,"[-0.8232601166334932, -0.5298394014472506, -0.3387823766722479, -0.7212923203315648, 0.2598628305207872, -0.1039366254986972, 0.3854609948048303, -0.07987568228383563, -1.3004569534483674, -1.9072242717731585]","[-0.7770452226186639, -0.4347375053241612, -0.31247064878517, -0.18254705227966292, -0.6300187941917332, 0.5748722276166538, -0.39137273930702415, 0.5811473644583425, -0.3704493645130068, -1.1152322711918639]","[-0.7856055074322614, -0.4023673414068823, -0.20353664814893396, -0.19090536081040088, -0.57663090667846, 0.496530804797664, -0.30461058216729364, 0.424719967277941, -0.24934645682421902, -1.0772827806379828]","(3, 0, 0)"
2,"[-0.07619475748646493, 0.09164797186979468, 0.04265355710869123, -0.8318082724773688, -1.111989211738884, 0.14320985858035817, -0.26641798290445873, -1.3436869366331248, -0.5416921497300823, -0.45165602223925905]","[-0.8616532555087413, 0.35463187026790566, -0.08566796326415815, 0.08548753874077031, -0.8745520418477539, -0.6747131908150071, 0.48056645398786174, -0.5067012098983896, -1.0903363316839298, 0.003476016111882696]","[-0.8471978894305762, 0.3840399730069892, -0.04706436454346407, 0.07314479324478054, -0.8214579801662534, -0.7058399359107074, 0.48969271197854625, -0.5070311485703525, -1.0741120251111522, 0.03758093456315169]","(4, 0, 0)"
9,"[1.3720358408819346, 0.1934169010522101, 0.27509356117561357, 1.1698136779493402, 0.8396187983203321, 0.07579211512231926, -0.5409942725418014, -0.7460267956586354, -0.43181432207649323, 0.5030684841082512]","[0.636904104623728, 1.0535837885700707, -0.3333749932328252, 0.44178105779202614, 0.9489231490533271, 0.3651572237936686, -0.10678649677451504, -0.4876010241545439, -0.5022262835813633, -0.18070118028581153]","[0.6819302341657452, 1.0377030781809673, -0.3332778949116729, 0.4243653274203361, 0.944140297993014, 0.2772270141144383, -0.09619513935914639, -0.49008045842302655, -0.5321164398595434, -0.18594081143828484]","(4, 0, 0)"
8,"[-0.5392376484701498, -0.24463728906733906, 0.7282412778720037, 1.4384269050661023, 1.2770161250482572, 0.056670320913799865, 0.08564057267256359, -0.6072260147218465, -0.08552027540392126, -0.5199594079477082]","[-0.1981724671640641, -0.4401514148881177, -0.024561581623280204, 0.7405220686836438, 1.0681658707242803, 0.742933189686117, -0.31479627392925863, 0.2430387096371929, -0.7287453695404429, 0.2788524093663002]","[-0.22539891348190444, -0.44897575380735966, 0.01133624451258547, 0.7324650777071866, 1.068126681411508, 0.7704136356651556, -0.2845518500158205, 0.2285501388711783, -0.7419483286322414, 0.21757032258086356]","(4, 0, 0)"
10,"[-0.8772296308972455, -1.6549104396358945, -0.31582108669494224, 0.7705771338391414, 0.24377949080872308, -0.4566587265431938, -0.36452016573846713, -1.0615117756657937, -1.411526515194137, -0.40210935568612516]","[0.004444454067039555, -0.8794518579307653, -1.215184510670512, 0.2917711686403137, 0.6246915495189845, -0.06856628395076919, -0.4223755845678092, -0.15333237345456252, -0.9848455889385124, -0.9191037207248808]","[0.030838267750692566, -0.787801158524108, -1.227403728871984, 0.22631154689315808, 0.6592932208049762, 0.01814120607324754, -0.46130230575986464, -0.24521210422997516, -0.978284726910142, -0.8716226686603261]","(5, 0, 0)"
32,"[0.3506014663779186, 0.4588708537287912, 0.6111870775222703, 0.7009557382411274, -0.33368058540159296, -0.3390673579828756, 0.5324358915267126, 1.0572967256413448, -0.0632253738257702, -0.19514903824269536]","[0.8439740211373092, -0.07138554419073598, 0.4945636258241592, 0.3639052646101907, 0.519003105936032, -0.593182138369609, -0.04247628879807108, 0.5536740359257482, 0.7804597076784707, -0.45345522766500557]","[0.8439577981165968, 0.13392036361130952, 0.33501620578066404, 0.44841694582451935, 0.49268818002949755, -0.48839793740998483, -0.22832821227834682, 0.5792422149683816, 0.8422085757793933, -0.3294620719017834]","(2, 0, 0)"
30,"[1.2814768747862875, 0.7463073658718593, -0.6197134102433243, -1.037345767595449, -0.9008440397125207, 0.3078315876998408, 0.021581535938597574, -0.8796944083338989, -1.081324879546362, -0.7193946696679511]","[0.43879132928733666, 1.0620812101426191, 0.21526676080054974, -0.7273467906435991, -0.6736723722736494, -0.564007853575696, 0.5898355144876888, -0.2733362213052468, -0.7430262976812755, -0.7098117307057242]","[0.428604341235575, 1.0376145875306586, 0.32526734880022856, -0.7688459590570186, -0.6778940466296173, -0.5329243680173431, 0.5562085651245687, -0.2144364063950771, -0.8410152943402656, -0.6982536067203642]","(3, 0, 0)"
28,"[0.4827028715952292, 1.4678364634529344, 1.3724934473667743, 1.0175367027674227, 0.022275222104768733, -1.2173349750094409, -1.5869965908448915, -1.5499497042573265, -0.8359834031823613, 0.6462443282473137]","[-0.5051172102800897, 0.7352614767352741, 1.1002057250852975, 0.8223905848241256, 0.6063414103553598, -0.2808954830729112, -1.0768872334729853, -1.0485529741083988, -1.0256732172031269, -0.3231467945807978]","[-0.4592609943739561, 0.7928201095344166, 1.1836181063073403, 0.7471840011233444, 0.5782686941719286, -0.281838499914134, -1.1124848578070465, -1.0194862162962104, -0.9792191041739855, -0.315974318737406]","(3, 0, 0)"
31,"[0.30341332875453375, 0.6340193617748036, -0.4182343227752221, -1.673433365507266, -1.2106983823717758, -1.4389688373836647, -0.5797403527290004, -0.6714112545638771, -0.3776577208129207, -0.08125005336654284]","[0.3498758509388278, 0.12847540328511986, 0.5697816601322436, -0.7031251528413439, -1.321870789086594, -0.5497629878284789, -1.1640873434694252, 0.0023033190057122344, -0.6725629140667332, -0.04137626377955411]","[0.3066835048034068, 0.11188961945269979, 0.5494033716342376, -0.6111762912503478, -1.2767541330185366, -0.47586933014082966, -1.0970167528831278, -0.12109694368717006, -0.6110039001052028, -0.15939233939399866]","(3, 0, 0)"
29,"[-0.6951020745913491, -0.4279128852287399, -0.918815378963657, -1.5019427858790135, -0.9666298109046424, -1.2665671590539103, -0.5775728482030134, -0.5941856313162276, -0.85509393819885, -0.1997517813043379]","[-0.6397628680588204, -0.3752206405619389, -0.24030256494777044, -0.7986640964897718, -1.1026107376341279, -0.4153244420875785, -1.058904938010121, -0.04812037919795287, -0.5701254417172512, -0.5700312173402244]","[-0.6840219682664596, -0.37618741283304513, -0.16749856151630793, -0.8477441970014876, -1.1462222147740535, -0.4271181542652628, -1.0963937145639664, -0.1615741144918828, -0.5620991450732112, -0.6831370097323679]","(3, 0, 0)"
27,"[0.30040852971221266, -0.8635496756460255, -1.108788642005658, -0.8672904828370445, -0.8654089035328904, -0.3739462395836059, 0.1337306828910472, 1.1138616177334373, 0.38626475625811707, -0.33900312009153016]","[0.8854465399547372, -0.14231474026515595, -0.7923923055134475, -0.7125924892489344, -0.5109942382125773, -0.6099117844266018, -0.06899034737030504, 0.1682258565761997, 1.0297486894453374, -0.12860958846455167]","[0.9265067876609083, -0.13582532101554207, -0.8821940929960601, -0.8152148679441387, -0.5754273769743128, -0.6190658242986125, -0.05890495602765799, 0.21975393316937375, 1.0777068471248372, -0.03444311447174972]","(4, 0, 0)"
26,"[-0.1476671635400908, -0.6899565897852734, -0.03942738610034574, -0.041523039371085035, 0.37620241401136634, 0.9867307216742658, 1.5340533666055696, 0.6723199389881331, -0.846517886351763, -0.954506590760342]","[-0.4001582927652938, 0.052411982842556104, -0.7161625812065515, 0.31865390450292996, -0.20084999162255002, 0.47662740982264135, 0.7484170167629451, 1.159844858224097, 0.09239750987608464, -0.8927166412898053]","[-0.42366166051839066, -0.008904324616980291, -0.6163210609253748, 0.2565336445956844, -0.13974853438119625, 0.3877588379694156, 0.8030886121546569, 1.1377036635897033, 0.12465631481746542, -0.9015177252128073]","(3, 0, 0)"
11,"[0.9041179734816571, 1.3128266820579864, -0.08782188970286342, -0.06818098498933428, 0.5325499896573734, -0.23708674172827865, -1.4348660106393332, -0.4933474587559986, 0.2532797562564811, -0.8010393132490272]","[0.14243923322386534, 0.8328983568697245, 0.8963775036231242, -0.5360106415144255, 0.19982433576787847, 0.4326378217734342, -0.45340565261499577, -1.2081631843318354, 0.11073413340991906, 0.19791268955152155]","[0.0942430038447607, 0.8860053476397419, 0.823106876680233, -0.5614351148585177, 0.22676197138247212, 0.5460424585492424, -0.5099933159468761, -1.2068320703548205, 0.17217947543594436, 0.21527328759452227]","(3, 0, 0)"
25,"[0.08350745381100205, -0.8242756176951482, -1.011413625416096, -0.09363244690039896, 1.0122823555583396, -0.016629211871084237, -1.339810472310588, -2.081997936761713, -1.4947085922194965, -0.5558238426717202]","[0.32273195480336575, -0.07785852359068082, -0.7853463558998078, -0.6187404474661921, 0.21573777683269707, 0.904413467141991, -0.46883594544207974, -1.105392499589548, -1.529301686966939, -0.730057748736027]","[0.3052761778132695, -0.10632976537857906, -0.7156211404749397, -0.600429818185, 0.1960620373519396, 0.8409186229337995, -0.47466020685638927, -1.0181239520267438, -1.4460321883698037, -0.7509091614636473]","(4, 0, 0)"
12,"[0.15975893077394543, -0.6714124980704688, -1.290158604413174, -1.6942023779207949, -0.2920549054519067, 1.0150965112652832, 0.5274579925926742, 0.016072710814402813, -0.11857658304519078, 0.34342723076854553]","[0.9234486538678678, -0.30196539615998846, -0.5204297999904746, -1.029943704417937, -1.1792305257118265, 0.2975603574040065, 0.86631633256328, 0.09429982631103423, -0.0310772023411143, -0.10303798187463363]","[0.9662306279460292, -0.36937812225166333, -0.532093655143204, -0.9266370119247705, -1.1858611057522395, 0.29383054003674913, 0.8368970822635328, -0.028227886027984983, -0.05117801066868485, -0.026445815039401216]","(3, 0, 0)"
23,"[-0.7972534420681722, 0.2865580919118626, 1.3092846607646509, 0.5319940660574185, -0.01799348567364678, 0.7823631415737075, 0.6977989543286605, 0.14898163745840431, -0.9797952977894697, -1.5618723998755375]","[-0.7442062845127789, -0.4251502998117827, 0.499133241817754, 1.059718039855774, 0.002135046129531526, -0.019061008738412544, 0.7918936459429138, 0.30185213135720357, -0.0019444282201974694, -0.978823083679371]","[-0.7379361020256762, -0.46206082060717135, 0.53183430889634, 1.0205137945046792, 0.04629528242333062, 0.021552078965616544, 0.7821324468507131, 0.2469276021000995, 0.007858585006108618, -0.9589637880099189]","(4, 0, 0)"
22,"[0.33438651265842706, 0.8984919538709591, 1.255431644998678, 1.783500954397775, 1.239939248831758, -0.1801253960457755, -0.6709199658377545, -1.1298765987584993, -0.5347702735330219, -0.5966475730795737]","[0.49832583589606355, 0.08522359471039528, 0.8558801565157614, 0.8274915667407973, 1.3697551710273763, 0.5550616633180699, -0.45765622770481046, -0.4420918519853493, -0.9088306727658247, -0.0803549371501095]","[0.526078169709733, 0.04581831256163725, 0.8575634137045783, 0.8521263264367996, 1.3712895731751462, 0.571692057062517, -0.5144365541969096, -0.4538605112693865, -0.9674711208946102, -0.1054568689653151]","(4, 0, 0)"
13,"[0.4776846498526209, 0.5821712388038603, 0.2802554900752415, 0.22297160123899062, -0.1975596134215989, -1.0425238717296366, 0.09155253831370191, 1.3776430823527734, 0.6777434048553513, -0.3775402270772465]","[0.6008590120983393, 0.17725514380345123, 0.49354366690213475, 0.0334836566241741, 0.2062297729269036, -0.3006744998850507, -0.8921866217871113, 0.5376458492072576, 1.1088201577491446, 0.12333332598077901]","[0.620354253338705, 0.1503641718881759, 0.5183589634389628, 0.036524700307181024, 0.18940373752297668, -0.2848970925156897, -0.9046692977345565, 0.5052331882412987, 1.0645632101012594, 0.14375717090622953]","(4, 0, 0)"
1,"[1.666967981434209, 0.5619832624606712, -0.6280982501808474, -0.06644837359775124, 0.3715073513466425, -0.21090634923396046, -0.3778398246700636, 0.13975286998900427, 0.6129966802622648, 1.1335116906363574]","[0.9714185287825159, 1.181258717042951, -0.028646096060804316, -0.6137752021504452, 0.24043922747747137, 0.2512877376079068, -0.33655021803791385, -0.20956471565110668, 0.2445352278145576, 0.49072906635498603]","[0.9905202944119575, 1.1618872060235474, 0.005267669274226394, -0.6343947835084384, 0.28554187305371465, 0.30581577552078903, -0.3770070650805455, -0.22545562082650425, 0.27242799184617617, 0.4847951932433444]","(3, 0, 0)"
15,"[-1.314869177500513, -0.8128914800497161, -0.9034256162458353, 0.02329661284420509, 0.19275515633593684, -0.9766123479889883, -0.8038138207200214, -0.27456184565904596, 0.6611367385216939, 1.6933467873451775]","[-0.5886015160302154, -1.0205684194854054, -0.30260727030701345, -0.7521219810923285, 0.3993576033903694, -0.006923645359247846, -0.9731505253093644, -0.3172385580653392, -0.11594256662637636, 0.719108021834882]","[-0.6018130645279247, -1.066823153421239, -0.2811537458304235, -0.7775288728865226, 0.4159964547579024, 0.04763569630261025, -1.0430509601052869, -0.29393073903520694, -0.12353161668579316, 0.731813553080543]","(4, 0, 0)"
14,"[-1.2440986860865688, -0.4865508935504905, 0.2975830767098091, 0.7568197055496705, 0.16370804313753556, 0.3232395075890545, 0.4764214573147744, -0.18314757271140183, -0.9892241619774378, -1.1428070380385411]","[-1.3117611664475848, -0.5882181028627764, -0.1924418421191023, 0.39380399776936026, 0.5599177066649903, -0.11625081019495961, 0.38136491268653433, 0.2857390009715073, -0.32601707319715545, -0.8262156253788601]","[-1.3146083740605483, -0.5884688147917485, -0.1999136310656861, 0.3861721496358056, 0.5922438454693356, -0.08824993191073438, 0.38945293377353474, 0.2858773499606436, -0.3430579811446358, -0.7962458804736412]","(4, 0, 0)"
24,"[-0.16368099539043024, 0.9924642877554309, 1.5017809662698562, 1.7499909856268978, 1.8575848526434937, 1.8671810402860531, 0.4432714813088353, 0.5882500217078281, 1.3552075007307907, 0.9892293937218952]","[-1.112930554346549, 0.39278428178284436, 0.7960721468640088, 1.103744892837852, 1.198118539207972, 1.258525583039508, 1.2379182487662992, -0.17568764307431434, 0.6760938432449853, 1.017160579108298]","[-1.0801826515593338, 0.44517571708672854, 0.7965147908907549, 1.1219956222252176, 1.0594683961371327, 1.2469641183895082, 1.2739269810383413, -0.22309797030508932, 0.73835014035773, 0.9434444160650982]","(6, 0, 0)"
16,"[-0.8925604713988429, -0.6212528188330457, 0.5991684642228181, 1.282312738377204, 1.7892923932724853, 1.0734674101721913, -0.2954125087901368, -0.8968350856880265, -0.604867114153435, 0.1009670901745342]","[-0.5361011232371724, -0.6245099097802567, -0.3089978639429174, 0.7536673961942768, 0.9054790402800655, 1.3365528731324525, 0.405190973605965, -0.4980079955931193, -0.6478310878914668, -0.28095157020770156]","[-0.5100433046739632, -0.5777402317311506, -0.2349788380924539, 0.7252998947037459, 0.8443311225024869, 1.2040857718243192, 0.38359566462172523, -0.5117746544469656, -0.5515260809610751, -0.19960888531322696]","(3, 0, 0)"
37,"[0.5198539064413863, 0.6858897627786857, 0.10725806906728796, -0.9021371215984122, -1.7735493506493345, -2.003625817677107, -1.6001014203826736, -0.7717716489465446, -0.24750679902302114, -0.36925922064009464]","[0.38359838798831714, 0.3280547124472277, 0.5218624065550719, -0.15367313421024797, -0.8253005544932882, -1.3608990734026905, -1.323176280975762, -0.9385132798947927, -0.30251500899914824, -0.09624929452344702]","[0.3768903397116442, 0.29506182305151357, 0.4967109444443531, -0.201784999160247, -0.8593387187895775, -1.3535238322491485, -1.2944405330012165, -0.8536607952029227, -0.19224047987090115, 0.019984992249334487]","(4, 0, 0)"
42,"[1.349609050956198, 0.28643198137919956, -0.580334596230885, -0.8864732069124243, -1.3947872325795727, -1.5342702678159439, -1.5749370649129626, -1.1672918085267447, 0.18855794128975967, -0.288322847974939]","[1.0400575483876775, 0.8295802767623592, -0.12835815700198006, -0.516155517729895, -0.6283954480474767, -1.0805895085558344, -0.9939755135380268, -1.0779493081439493, -0.6283171544547702, 0.5027165185171447]","[1.0070277944204193, 0.7577569916645277, -0.15290345980503356, -0.5215678388916901, -0.5526455612591474, -0.9845495280934884, -0.9351932853570456, -0.9679901252767995, -0.5863564145431946, 0.5058845769902766]","(3, 0, 0)"
41,"[-1.4375676212985418, -2.0217203782526525, -1.9535855577314707, -2.166978050543202, -1.189794536956566, -1.3323027622775923, -1.0140894979802253, -0.2643535583450203, -0.7854779820234, -1.3409865220708328]","[-0.5559291296022015, -1.159603056497441, -1.441918850003932, -1.2326261327295045, -1.5506649841784497, -0.41446204486734106, -1.1250717398439218, -0.4515536280582644, -0.03857674431588809, -0.7661896098654559]","[-0.4954244920416139, -1.171249722707091, -1.4510724437127867, -1.2202719448504744, -1.550307797923805, -0.47492897716201177, -1.0890715043733994, -0.5730709808465749, 0.006262981094526721, -0.8006499801544728]","(3, 0, 0)"
40,"[-0.8047873718045049, -0.1300202701662716, 0.695905070661731, 0.37099730432246275, -0.07549416870083717, -0.9612037512661388, -1.6009695774664776, -1.7099297981413237, -0.8936570159629138, -0.12911489059261472]","[-0.8058451454567335, -0.40186479907613815, 0.07091212937179747, 0.6604490059758323, 0.04077280133454661, -0.09588056936811047, -0.9132634665820836, -1.144337844175436, -1.1377608760536058, -0.3247765779361109]","[-0.8174392134223907, -0.46191097281086263, 0.023401558501796052, 0.5972726239403179, 0.0740817554162081, -0.11549736872537593, -0.8296364724429053, -1.1656804117029345, -1.1500132104921703, -0.4206066038020909]","(3, 0, 0)"
43,"[-0.11156417888470532, 0.966500439914207, 0.06058132689622597, -1.3372379535143002, -0.4305957387041587, 0.13068337221055676, -0.6601923748812928, -1.5378782637377053, -1.5310104121270827, -0.6472473879029459]","[-0.7525185267471248, 0.26469508448885715, 0.8341528976697784, -0.35649512193866323, -1.1589903925449687, 0.14889945756832562, 0.05623364342639395, -0.6883091965944897, -1.1937236654404604, -0.9341485794068525]","[-0.7854718664849724, 0.29723489354563926, 0.9561179724453742, -0.4402051998561457, -1.2620631533067508, 0.2435566521262867, 0.14697923091959783, -0.8118526025583451, -1.2272733047107716, -0.8982920936918122]","(3, 0, 0)"
50,"[-0.7398717908313841, -0.42551601429476005, 0.19253691287633612, 1.2298119011299429, 0.4577166314850195, 0.704582015968397, 0.9634884957302314, 0.8580584785749414, 1.1904080425814711, 1.4132258747786544]","[-0.2506365489102902, -0.614553516376239, -0.11823925610664054, 0.2516565409296564, 1.1039836306651147, -0.0942751838475378, 0.751719607892166, 0.5876286917841484, 0.5642441326828672, 0.9082859762400376]","[-0.2735518361201461, -0.536020673127584, -0.16237030255588353, 0.2946575813691306, 1.100992806514897, -0.06696138726697576, 0.6500092410430511, 0.7091490961918463, 0.5177978721186283, 0.9305152022554894]","(3, 0, 0)"
53,"[1.0042581321986983, 1.786586900069016, 0.5037616150013121, -0.8280515123641135, 0.007359997236528915, -0.34453630765982646, 0.046965674911952915, 0.3372333050774645, -0.1431627080297465, -0.8911516232459916]","[0.42355291967175035, 0.7924816723628231, 1.3903460638876046, -0.19141141694249014, -0.7323458038928684, 0.3735328991829631, -0.531302757251308, 0.31261705353760694, 0.18092477830866105, -0.23362509718407704]","[0.4166812546404478, 0.8660508767143261, 1.418410826935935, -0.23013879011890392, -0.7489295610452753, 0.3464547747793721, -0.6309316629643479, 0.3200095900890505, 0.22707606298851324, -0.2602249745588952]","(4, 0, 0)"
35,"[0.8718212183723597, 0.23996180134999567, 0.5027677335543254, 0.256883532130359, 0.4565036352177868, 0.931794886936089, 1.1337187066863104, 1.2265590848314618, 0.9301097178148303, 1.398123321187097]","[0.6515019435710301, 0.5460702465868447, -0.03307332194342666, 0.5193043945260387, -0.002768665132660303, 0.45788796778411694, 0.7028509030440305, 0.782293255164295, 0.8354124572493142, 0.5124034891901732]","[0.4326543409144842, 0.696490862922523, -0.0663821095527527, 0.386664204372025, 0.07199235913323718, 0.33820601702740866, 0.7130884396733785, 0.743986458097994, 0.7644098859082319, 0.4589026927893479]","(2, 0, 0)"
33,"[-1.1700749594508788, -0.632615951279612, -0.4751845445619967, -0.4547302097030288, -0.6348457431219107, -0.7505243143273135, 0.2114753886932912, -0.4974238080943947, -1.1128169748310386, -0.9364902740093957]","[-1.1922453627898077, -0.573952278055975, -0.3456398122516245, -0.30236463843618444, -0.3035478904849366, -0.4830717978794424, -0.5089884153875923, 0.46596959638708735, -0.7304086062879384, -0.7476126716870695]","[-1.3376214346090898, -0.5248280047258455, -0.25699282176199234, -0.32440717125415386, -0.3129695085673354, -0.48715769856365165, -0.515750772864686, 0.49928935527197327, -0.7011306592944395, -0.8672689300395138]","(3, 0, 0)"
34,"[0.3332583930137314, -0.23995789038278237, -0.1122022786309056, 1.0596879630957488, 1.177080487643221, 0.06245018526644397, 0.3923453408792714, 0.7568536651749199, 0.8723372494612107, 0.7982448589461052]","[-0.46563829537462587, 0.5660775407010443, -0.5229966607333045, 0.14929605173574667, 0.9850399372278754, 0.6845605190292833, -0.27983007424819767, 0.5322603780033702, 0.4907234761732348, 0.6269755113745933]","[-0.35834775544628805, 0.4710089029598055, -0.41507769785322335, 0.03906850240364028, 0.9987102633272358, 0.6552279974156721, -0.263402569122199, 0.5115716144701753, 0.5562035109554054, 0.5654084135025836]","(3, 0, 0)"
36,"[1.7070818713424813, 2.045447346725296, 2.1959127831650487, 2.2534853510824338, 1.5010977209710923, -0.09454852088964627, -1.462718595695245, -2.1904910799420496, -1.6940501142298685, 0.09280371768140017]","[0.7472668932694579, 1.3334484247077523, 1.3787231343714197, 1.5065512159793388, 1.5002097430927646, 0.7509928494247101, -0.47004494560200133, -1.2276961228942445, -1.5766430184949274, -0.9057286049824048]","[0.8070880368183928, 1.3168951285674404, 1.4489943963263743, 1.527594890452237, 1.5726462306343534, 0.8166772395107642, -0.4391385760140004, -1.206833996216073, -1.5545196319453631, -0.9220469571474863]","(3, 0, 0)"
51,"[1.1027938592817046, 0.34045469877338874, 0.5465650431561858, -0.012748478862714074, -0.031411042081015306, 0.18515080084438512, 1.031587476771617, 1.025435166503927, 0.8898924504433815, 1.490158626581319]","[0.41068459361253906, 0.8974515624754351, -0.10827108246432882, 0.6007005843883502, -0.3130987710568892, 0.1251383434474293, 0.12258162912067047, 0.9702966622112819, 0.540286835398286, 0.6197490327442385]","[0.3446673102135311, 0.9439463538699683, -0.13664469181651034, 0.552651883185419, -0.20832286146282722, 0.0503403218664414, 0.1979582639431858, 0.9488212422241351, 0.5962333145589234, 0.581466032122413]","(3, 0, 0)"
38,"[0.19644936950695574, 0.7281072577741707, 1.1272456055662539, 0.8525148113636306, -0.3894738733621225, -1.603538127060835, -1.4450464554723474, -1.0456602876981642, -0.656953379263158, -0.013529857602883555]","[-0.009104065229563349, 0.20100140212173742, 0.627606556713302, 0.8134423272096029, 0.4457936477588292, -0.6123706972415371, -1.2973527784400667, -0.7963700662523142, -0.6474752545720072, -0.3332157519771544]","[0.037757062175255096, 0.19464383353189268, 0.6617461444006275, 0.8448057986724906, 0.4603513430631821, -0.6314802011877507, -1.3536504921251675, -0.8501811933702306, -0.7034908138663658, -0.3268950796769451]","(4, 0, 0)"
39,"[0.674737531176434, 0.22585632107127612, 0.1447173558891808, 0.8449839033204969, 0.981149081186912, -0.12607406087554024, -1.1291825113924396, -1.7708241223934436, -1.9237683696617718, -0.7785626463038531]","[0.5973708668962577, 0.3760520977283051, 0.037830272207123566, 0.125802219785619, 0.7820827934276874, 0.5901076844730684, -0.4211279031120744, -0.9186185598364025, -1.3115148424752423, -1.2680109484241506]","[0.5847266134104437, 0.45621989465970714, 0.061322496041987015, 0.12367193950700966, 0.7679501040758266, 0.5627818743327391, -0.4174115607101985, -0.8816461311870215, -1.3296266756243766, -1.3165402342773638]","(4, 0, 0)"
52,"[0.07698530595451958, 1.302073473651972, 1.4133234630846068, 1.764720429031175, 2.3154781653454277, 2.362995080574064, 1.391187672921547, 1.1643013582939798, 0.39764984455662633, -0.1456017266395344]","[-0.6070785987528169, 0.380524605330928, 1.111811170986508, 0.8574178775913528, 1.3360114902354987, 1.6474724202276785, 1.5392588704602248, 0.6215582376914347, 0.8535222394482624, -0.02911127516750489]","[-0.5439964197233036, 0.38418305460108115, 1.0402231810270197, 0.7588698397337432, 1.2667530881248925, 1.6598863204953143, 1.5103351590746448, 0.6367142073978693, 0.8937892514055732, 0.07818631448749297]","(3, 0, 0)"
44,"[-0.596807469842795, -0.5418199152020906, -0.16319197357150295, 1.0265786547029618, 1.277305455370556, 0.9388726183629851, -0.39804662005942176, -0.8884212270675725, -0.8771282643782096, -0.6632583023674431]","[-0.8916833748784163, -0.15096578240358682, -0.4663370240002972, 0.06997653842864565, 0.991590385488639, 0.7815102626262366, 0.5481174870498668, -0.6721053635843551, -0.552368545275395, -0.6009439917405122]","[-0.8396911503173489, -0.2293324887379975, -0.3689342800679637, 0.013663105085726213, 1.0370946576680689, 0.7991093601574433, 0.47787930953132696, -0.6790637961088202, -0.6086187288527445, -0.5210895000791103]","(3, 0, 0)"
48,"[1.7841674166006096, 2.2003436022919436, 1.0119687774891792, -0.26618771143275843, -0.3351779204101464, 0.21005192911370119, 0.3921341847760322, -0.25692673846648806, -1.0095307649133711, -1.2657635522890587]","[0.8633880684430364, 1.3524733823790913, 1.5241069111023977, 0.24991532193798038, -0.3911453724017486, -0.13960523420927207, 0.2798545462183372, 0.2522069116668636, -0.38303019429991986, -0.8180156677634112]","[0.7956929608402213, 1.4399957880365464, 1.4822897743994554, 0.22581838170977075, -0.4322709491247013, -0.06706875865628537, 0.3284985265604158, 0.24379133594297897, -0.4097324210809659, -0.826882410638046]","(3, 0, 0)"
46,"[1.633972604008512, 2.0515556040711123, 1.2981827694919237, 0.0014295668353975222, 0.11633872874199408, 0.8278345371025561, 0.5531603536194274, 0.4213312298761668, 1.0650114075866626, 1.7370590875200516]","[0.7386829754656061, 1.2646311162757091, 1.419240045933258, 0.5885627465252948, -0.2928518064272499, 0.26276463195561905, 0.6964522211247466, 0.2049342430570541, 0.31886410834763973, 0.9055793534128427]","[0.6995830255535274, 1.264645177643044, 1.4060862205168962, 0.5910574677266744, -0.26921055709783825, 0.3185645351361166, 0.7558598448326636, 0.17952542186855375, 0.290639930232116, 0.9365403059317378]","(3, 0, 0)"
45,"[1.5986809186122513, 0.5870517951914, -0.41358013736480403, -0.4052438815562328, 0.7583692513653287, 0.6914356783987883, -0.44176982189254166, 0.21781130501365153, 1.3373666074715205, 1.2397585200818428]","[0.786672168079583, 1.2053448345724598, -0.015620622094829839, -0.4057698263173891, -0.20235896839753825, 0.8595487355640978, 0.26166131061673936, -0.5726004772009113, 0.5041115436141073, 1.085310835664467]","[0.7855387053633291, 1.0858785476155681, -0.07948775299992339, -0.4046387914098875, -0.2675040310197128, 0.7221039952212106, 0.2389443650535448, -0.49772127466461985, 0.4939024644608407, 0.9389503190496485]","(4, 0, 0)"
47,"[-1.009250979898832, -0.7701319154712624, 0.08930738572817859, 0.2566093204995177, 0.8323242941617286, 1.3232039795721067, 1.4124786199861312, 1.6719219791951865, 0.8777050605621279, 0.23718701237558681]","[-0.7287000669637255, -0.6449009464169694, -0.4476814422627777, 0.3131481068595674, 0.10003526706973398, 0.7823066606268616, 0.9320506492586759, 0.9464532953567933, 1.1986953315167899, 0.278357394803733]","[-0.7442482189536757, -0.614996044641971, -0.3790266130991827, 0.2617692978192798, 0.11726049248996227, 0.7938789546773295, 0.9220186203894194, 0.8988832859128334, 1.1702562648288766, 0.23310875949291285]","(4, 0, 0)"
49,"[0.8382158388849568, -0.0017823148800648614, 0.351562312056268, -0.42582646617299624, 0.2523567822596229, 0.3716366264252864, -0.3938303597605525, 0.34268572030417965, 0.12956473948667274, 0.004100428920260829]","[1.221039115717665, 0.22769628102612427, -0.115630455393127, 0.4093775397528315, -0.630515236049412, 0.5676144002843289, 0.08782942628312196, -0.43774507290211345, 0.5615582567552364, -0.15121438889094543]","[1.2356530570143225, 0.1577757555867134, -0.1512160632137993, 0.3620353663958501, -0.7244598123672985, 0.5573296228908312, 0.06522212542471084, -0.4302709756178327, 0.5961345675330125, -0.21073183451855418]","(4, 0, 0)"
55,"[0.0597406406247821, -0.1678599922012634, -0.9621383958223706, -0.7242586151080308, -0.17647016738731758, -1.0147712914908675, -1.2606932635760457, -0.9813658235672976, 0.39282085477752915, -0.09476282728208718]","[-0.039946685167910584, 0.07971398320873739, -0.2077169838056321, -0.8582799039195546, -0.2951186631482535, -0.028910835813190816, -1.000315873584272, -0.7605353267839096, -0.6010981601753429, 0.6933699348652006]","[0.051796029700728635, 0.012469207332026985, -0.16346236274859904, -0.8729019393561981, -0.27553108942717164, 0.026009485266866167, -1.049920624873541, -0.7892771317917976, -0.5252855226483399, 0.67643403853621]","(3, 0, 0)"
58,"[1.510355179741854, 2.0301940980054147, 1.602444767843888, 0.48715777178627817, 0.5733721127916374, 0.3788016595510697, 0.12708588853599878, 0.2878831986044595, -0.5186035928698992, 0.01585601199575798]","[0.6038429570714859, 1.2084337012061108, 1.4259772474023593, 0.8894561441427083, 0.042429699714923996, 0.5521572629341753, 0.10272302808398204, 0.07572437449400776, 0.2500210113574556, -0.643614098548627]","[0.5820087960989462, 1.2308476321640647, 1.526895450624374, 0.868822368722868, 0.061337886283188925, 0.6586215407960179, 0.1823412301726084, 0.04640271026550623, 0.3047983754020542, -0.6567813006891372]","(3, 0, 0)"
57,"[-1.8630088636675026, -1.0000216091411298, -0.45118413556671233, 0.5061288786413728, 0.42788040157579815, 0.9503932125234023, 0.20599477772784902, -0.7118420755422327, -0.3173799698110968, -0.8456177701374148]","[-1.2194831459856854, -1.25326729067466, -0.3733879638037998, -0.26449015366481243, 0.6383739554737791, 0.10869342383890865, 0.896046500603948, -0.24202847257412496, -0.5908278392551702, -0.021966050183511693]","[-1.1966063973452006, -1.2350934026672238, -0.43669020327374863, -0.2667826003660892, 0.5335610820913957, 0.13703011275707255, 0.7918620811136591, -0.1382507490538856, -0.6348507092579645, 0.019131906955944966]","(3, 0, 0)"
56,"[1.062138497073678, 0.23995009130914868, 0.16192740318761228, 0.44955851787324586, -0.4035215430663204, -0.11828645815823358, -0.6068315102284053, -1.6416433869243496, -0.4409004571584503, 0.9281506778209008]","[0.5422957253340213, 0.7909906344066674, -0.155545225894185, 0.2397000161347048, 0.32970850980589345, -0.5683757979692671, 0.16590144082639996, -0.6897822306416053, -1.296752271603547, 0.20747567864332317]","[0.48000166261224164, 0.7595087879081439, -0.1278380497418552, 0.19637130336361552, 0.3851912282306793, -0.5277842019762989, 0.1066987508634541, -0.567566594138914, -1.3001430770940179, 0.14922304280083987]","(3, 0, 0)"
54,"[0.31203083810310817, 1.3613904788509006, 1.195532054916856, 1.4605682871991594, 0.9667515199872356, 0.19552214134450574, 0.23813215504759117, 0.8253908993813368, -0.06620810044579895, -1.3417662727601902]","[-0.6043694926509021, 0.6142155844285593, 1.054282686636621, 0.6683907115985456, 1.1263729313998867, 0.4035650542872923, -0.0062603857991404, 0.24126234794716137, 0.7047597254077561, -0.418587963149677]","[-0.5978875582025143, 0.5285575802150775, 1.0787227593338264, 0.6396907456589686, 1.1428103912969256, 0.5062266735455574, -0.006788882187035494, 0.3007941506371622, 0.7502320201461726, -0.39339219553936927]","(3, 0, 0)"
59,"[0.39252656193441793, 0.10522439082413843, 0.5670246387022652, 0.12040436613973832, 0.19563415423037656, 0.7403999543365595, 0.7732802993362309, 1.1573201297249, 1.1896231605276943, 1.5076741635150042]","[0.8636055764672351, -0.039276226299199635, 0.12486250397373824, 0.504593386715396, -0.1318923272179597, 0.2615803178393564, 0.6096097954168813, 0.4684754016277902, 0.9230824289110049, 0.7280819460721919]","[0.842918650953705, -0.09233971501703359, 0.19085611066839359, 0.5042689322200912, -0.17465757731155496, 0.27174938051645503, 0.5890037662184469, 0.41624737216922064, 0.9096784390758383, 0.7074002976866124]","(4, 0, 0)"
65,"[-0.42039777932292344, 0.42722690301195787, -0.5352817346039381, 0.1859956830270023, 1.091069816807214, 0.7775177400114549, 0.4600446314126952, 0.3717937853021772, -0.23669389191899443, -1.3437604318320369]","[-0.9918975082850874, 0.07555097481962025, 0.38945141560214774, -0.730007442405012, 0.5509994042295083, 0.8155701146924598, 0.369732682665225, 0.27517829008008265, 0.2342046402621359, -0.3537962120500624]","[-0.951129591029806, -0.007792703699801229, 0.44023191372826165, -0.7099955073114148, 0.41812293822380986, 0.9022317344022677, 0.34226296467733497, 0.255601222242984, 0.2589490548616285, -0.3143527760381981]","(3, 0, 0)"
66,"[-0.6572802407303726, 0.33901436137985463, 0.7605520246291917, 1.1789933961523502, 1.5431756664136453, 1.6087590203804698, 0.7841834180057043, -0.2558724857185287, -0.9590685788386175, -0.24734287231134922]","[-0.7877360010386747, -0.26341224021103526, 0.47072048148537227, 0.5251917838865056, 0.9163975042090974, 1.0849769143090966, 1.0662705632259215, 0.2510481363927436, -0.3813965539149005, -0.7683703018811673]","[-0.817492383556978, -0.25534672872868236, 0.4651007754261185, 0.5022050233803536, 0.8850642905886118, 1.1255832246347164, 1.0916194552835545, 0.2907709451502182, -0.3663577094706678, -0.724649582696631]","(3, 0, 0)"
67,"[0.729710885124822, 0.3580871125226279, 0.3820539067858688, 0.5636147765141644, 1.1955202759757722, 1.1388831600958804, 1.5734531705372468, 0.708418386939582, 0.6764489948362266, -0.1955689737740191]","[-0.06776950810963145, 0.7635956391796377, -0.023710707067190917, 0.39390926031946427, 0.3666601463544322, 1.012190202798556, 0.6327880586966025, 1.2570591411889454, 0.0798888163451093, 0.6365045866636718]","[-0.11717131241574891, 0.7038331652789495, -0.042627213511786666, 0.33266381459503547, 0.4351078346958476, 0.9681282382048295, 0.6693919708583269, 1.2192487620231252, 0.18824525355106558, 0.6041758112517384]","(3, 0, 0)"
68,"[0.21263473829745294, -0.02159108115931474, -0.7355939908870763, 0.11311593314200874, 0.803653853729746, 0.6037626099035067, 1.279551432608447, 1.4060288513171892, 1.5881124618570683, 0.8294192362309764]","[-0.67661078237541, 0.5509401294851579, -0.2970611459018937, -0.5870634179361295, 0.4066476421100735, 0.6003300326747092, 0.3035975935661521, 1.1277526358253709, 0.8421525334045038, 1.1670361951548163]","[-0.7013021416890615, 0.47974648824704613, -0.2957578749474919, -0.6106832979322161, 0.44644144493458227, 0.5486391516542932, 0.29978814231555806, 1.1525860742495606, 0.8215795281841349, 1.133590170135296]","(4, 0, 0)"
61,"[-0.0036954660390594585, 0.27550783067996126, 1.1239127417131645, 1.1687177412800736, 1.1831522415013263, 1.5818914086661853, 1.559611048077245, 0.11037240701178674, 0.016774561263831866, 1.010526995482934]","[0.1346935947096829, -0.0710422633939009, 0.3110289623769117, 0.9683982605247086, 0.6845186110177193, 0.8408929359924666, 1.161444940669952, 0.978888577742269, -0.37907188185934776, 0.20631050219350575]","[0.04758443280691382, -0.10820450415497943, 0.34042323727623924, 0.9927540180386043, 0.6736274238313124, 0.7749276959199312, 1.1749041895395702, 0.9682500069765672, -0.4240161283303947, 0.16299659642677544]","(3, 0, 0)"
63,"[1.050059351997494, 1.1375970531793824, 0.9018157948913458, -0.34597085854476634, 0.17781742522708355, 0.9972768497318145, 0.7951631711450577, -0.4408745917527447, -0.4381256548375619, -0.12837392231248315]","[0.7913603395091786, 0.6543791822429046, 0.8104074620579301, 0.4966120638623807, -0.5942768904759567, 0.4749558704650619, 0.7597989144992836, 0.41526371389541594, -0.6485064487004526, -0.11387243048733556]","[0.7383585821193728, 0.6716435561118811, 0.802153867597503, 0.5141542693532721, -0.6019945527899665, 0.4991223865088191, 0.8482115882206829, 0.328995633400933, -0.6655170841449528, -0.08189421051758611]","(3, 0, 0)"
64,"[0.23852963012555473, -0.6688249263640104, -1.0927167707160792, 0.07694186236625611, 0.9028233188183508, 0.8403579258344346, 0.3291329648542219, 0.6839714346741905, -0.10916170940259728, -0.36405424235644585]","[0.17516356987934845, 0.1509478451858805, -0.7442988489569506, -0.7205673462376039, 0.43722553548505805, 0.6842105510758217, 0.4982526502965237, 0.08000663970596003, 0.6439681148212105, -0.43114576681320255]","[0.18775206389969004, 0.1267331988154754, -0.7528940555367354, -0.6370033797439159, 0.4605037370567673, 0.6480094897216713, 0.49366010751262657, 0.11145698420001682, 0.6444065978199021, -0.4729725074677197]","(4, 0, 0)"
62,"[0.5807857887775404, 1.309510170126392, 0.9957710142775008, 1.4423135326117467, 1.5073385732072293, 1.860124071525592, 0.6912137815587395, 0.7148231064998893, -0.005251213892576323, -0.10066984423083652]","[-0.00012903537550514044, 0.580850306465293, 1.0190850168937455, 0.486228505830628, 1.1991992796964326, 0.907738933359013, 1.4062546048460853, -0.01191352086430325, 0.720779866932041, -0.3656411473585968]","[0.04508766419279334, 0.5998414904629064, 1.018222361349946, 0.5357352847355304, 1.1458969171183397, 0.9204100586337974, 1.335682194350191, 0.07426959982321824, 0.5881327195384936, -0.3207486793680499]","(4, 0, 0)"
60,"[0.1439260942628195, -0.5516878304774138, -1.253597244706976, -0.6692049931331621, 0.09871728711618077, 0.7569978747274981, -0.1512836748371179, -0.2700760217890171, -0.642043653227157, -1.5500347664759542]","[-0.4775463092182544, 0.38269924887194673, -0.7430374549133871, -0.8820785172502825, -0.2281657345080208, 0.21280015437019117, 0.6505977975424025, -0.4765825736083192, -0.03178473498485748, -0.6261512857347282]","[-0.49131001772571087, 0.3906009798809994, -0.7469606218886867, -0.8593362417473565, -0.18994155496065607, 0.1616364586002162, 0.66070346162426, -0.4204994861295973, 0.002985240522551502, -0.6190328202735017]","(4, 0, 0)"
70,"[0.10693495482647092, 0.8232310013173386, 1.2053241614363102, 1.4700828560388284, 2.016568771808842, 1.2639616120501023, 0.12985046941863365, -0.5398238340701509, 0.29509613985232397, 0.6861929947714235]","[0.13230756292857776, 0.04078117336218204, 0.8028404146362476, 0.8039039541181864, 1.0681308789797352, 1.4825033323189745, 0.5227099458906149, -0.1315045035266738, -0.474071582306814, 0.532131931005731]","[0.13855353335715073, 0.09531092993885718, 0.7299002371736376, 0.7994739754758855, 0.97663168376443, 1.4313273706128644, 0.5204705375251876, -0.16645206078855357, -0.4115175372783242, 0.524680819148393]","(3, 0, 0)"
71,"[-0.3554152505113094, -0.02975410376236226, -0.25959945907995363, -0.9358414537869765, -0.12890522663637843, -0.5793798935908536, -0.41284641392986976, -0.17134171205282966, 0.7643885659247678, 1.6737191415560615]","[-0.043121824067123976, -0.3338543384777474, 0.13717306547651145, -0.32818599181820934, -0.7717484578778717, 0.2569690023025575, -0.7078643947421324, -0.05891421655880358, -0.14188460377342788, 0.8353308678114817]","[0.04086448774949816, -0.3663051931319512, 0.1763187896999862, -0.3159561284378551, -0.8309266141822421, 0.2610510715129111, -0.7008890779349286, -0.17028717003221774, -0.08877111156196499, 0.7744439705078745]","(3, 0, 0)"
69,"[-1.3572221770065578, -1.689371623382879, -2.218453378526922, -2.4307958881708336, -1.608259844621509, -1.6702634237071332, -1.6587362341714638, -1.4930287109740452, -0.2854297640817306, 0.8723836238072996]","[-0.9063654868615589, -0.9040394335757783, -1.23735190659499, -1.599777425229427, -1.63090717555612, -0.7928062568434491, -1.2738602952854086, -1.0218060865287595, -0.9821256677096656, 0.2056330697731022]","[-0.8348082353959144, -0.9034621559331819, -1.2603446206219995, -1.5658770987128439, -1.6051264266066307, -0.8147891347344695, -1.239811623650309, -0.9901136844075014, -0.9368894373713137, 0.15919228492824694]","(4, 0, 0)"
78,"[0.6755184010827213, 1.1439816782952925, 1.1528557572551912, 0.7089011188918671, 0.6603542970946401, 1.455951427027909, 0.7632413159410387, 0.06502358227825644, -0.02083398634245487, -0.42931481195208465]","[-0.07286427676973314, 0.7119505394675879, 0.7880064085614985, 0.758852552974442, 0.32947484240464614, 0.49561687589231707, 1.2081429890817506, 0.15916982140016345, -0.014561328421825281, -0.013553322131542228]","[-0.08847129044706002, 0.6851660441188749, 0.8124903563983326, 0.7496962907738799, 0.3929279256237896, 0.49347142027180363, 1.1769595698425837, 0.18983658096510647, 0.02128337346861748, -0.013245074642987518]","(4, 0, 0)"
86,"[-1.053605686133575, -0.8829235935390368, -0.621673625728832, -0.8505325239963792, -0.86748778064892, 0.2395305728917369, 0.8466424303377501, 0.4149480654767686, -0.6857906490263341, -1.063394691695795]","[-0.7888615642590333, -0.6591749040040583, -0.5533361415370077, -0.34500555496032814, -0.6780297465162152, -0.5284729073908123, 0.5037670265871431, 0.5947589170441785, 0.11756860695467933, -0.7445749525036738]","[-0.7800853294757839, -0.5891533311102102, -0.6179146397738318, -0.332446625056397, -0.6125221836240694, -0.5105704492148644, 0.49419355309149454, 0.5874412672921157, 0.1395429694616479, -0.7880429116263286]","(5, 0, 0)"
83,"[-1.4898022222680432, -0.3109631005748127, -0.5951744279989193, -0.5246923011041309, -1.087759376814463, -0.4217591500611426, 0.7426609102994897, 0.7528060875519031, 0.7440215146198741, 1.45521694174279]","[-0.8928126776604424, -1.0433958834378219, 0.2107348411440983, -0.7005418485709685, -0.17442137681864667, -1.0005486884051398, 0.07851519414142727, 0.703403313228776, 0.40110443093751513, 0.5434692991511165]","[-0.9198816803992418, -0.9956971579549349, 0.2045454540736828, -0.702188554174174, -0.2907560670762563, -0.9349473576922993, 0.010244358037950818, 0.7543510202348114, 0.31997429757085344, 0.5075458634403136]","(3, 0, 0)"
79,"[-0.6303287116750474, -0.4172462558880245, -0.7572533394594584, -0.019003206271569206, 0.4268367240084925, -0.4111084786236091, 0.2619592123410066, -0.4100592315646806, -1.152792322082976, 0.0648824619404823]","[0.2835713083607613, -0.7721143658554281, -0.031189072960310454, -0.7416588029793032, 0.35182619521808234, 0.2509236263994513, -0.5365702918233348, 0.530244358252674, -0.6751814106910177, -0.8152016167374673]","[0.27405440066532516, -0.68394790534619, -0.06330517679431602, -0.632091330902962, 0.23263531517359787, 0.31961806940435417, -0.5639899558204371, 0.4648678169163223, -0.5416000001959258, -0.8980119196052079]","(3, 0, 0)"
81,"[-0.11825032407236824, 0.5133704831195337, -0.12972211393461386, -0.4753794384972261, -0.9712735767247948, -1.0070699126716907, -1.206213243148309, -1.5575639861401895, -1.9123992920490966, -1.7841343264400584]","[0.7205027123815342, -0.47850168026313533, 0.7526213232511014, -0.5060327755601646, -0.2223630507171438, -0.8600920513662229, -0.5770238869885792, -0.9177012996540194, -1.0987133363131798, -1.3630426238925066]","[0.6489964565007554, -0.3655413184618288, 0.6698197213094053, -0.39247208699041547, -0.31979144037154333, -0.7736633059310813, -0.6410817167651013, -0.9161289027553589, -1.1831882323331122, -1.414105465642487]","(3, 0, 0)"
82,"[0.5965816182483674, 1.2990713543801533, 1.9234065624372736, 1.406278453618136, 0.7102716267622579, 0.4623261112951719, 0.3983423829156504, 0.739548226017041, -0.1040164850777916, 0.4512726259317906]","[0.09717399050939596, 0.5479946229936694, 1.0250740428833187, 1.4108695409956142, 0.700843683120329, 0.3598497852020934, 0.28240121869412527, 0.25714177356858775, 0.6109773392327471, -0.40950515469416515]","[0.049765652130589776, 0.6015427447852152, 1.0368054341425883, 1.4914035317837888, 0.7499560049301945, 0.351797649157433, 0.25423162696932794, 0.2058280725440268, 0.595065676505245, -0.4070931699850381]","(4, 0, 0)"
80,"[0.9636377985163948, 0.39882579524252343, -0.21844154512904299, -0.9147408817499261, -1.010092074545899, -1.2257992419273558, -1.080561231886611, -0.7668514536382576, -0.2311160523526119, -0.2887952520021184]","[0.8155109290355714, 0.555882333998609, 0.12088462824321891, -0.27888385925065245, -0.7752989521245999, -0.6224425984835991, -0.9145779426855563, -0.6232722605438328, -0.4552153233663412, -0.003508390669441308]","[0.8358458024050706, 0.5141824412236655, 0.13649783703766008, -0.2645724890912325, -0.7877911411757842, -0.6474726203295468, -0.9414535529079501, -0.6539281546864171, -0.45834294545707177, -0.020920501928002343]","(4, 0, 0)"
84,"[-1.0773882682801095, 0.09131150572273972, 1.4135278971612522, 1.2096555701259912, 0.8029150850723583, -0.31707212454065514, -0.10828527337610316, 0.10507598256799106, 0.7912046177200425, 0.930934130756752]","[-0.5941391785567693, -0.7803186790017248, 0.4814708452236021, 1.1727924745494511, 0.6232593328512657, 0.4912854186467255, -0.5627148338640179, 0.17307214355590578, 0.018539910790038167, 0.7819346623250234]","[-0.5687329414918412, -0.7350256857225379, 0.41766678255135936, 1.1583028589368354, 0.5622220656920762, 0.4867006992204742, -0.466093934400591, 0.1766572639304881, 0.09716561737041662, 0.7102646921500467]","(3, 0, 0)"
85,"[-1.3312969593621875, -0.4819894714107096, 0.7434917037912979, 1.3435029603963398, 0.5023171287675088, 0.1822480400419817, 0.4313604082137851, 0.7866010130572215, -0.16108620425007575, -1.0858749210216962]","[-0.7413632764748638, -0.9606153211247557, -0.001681810848331744, 0.7443326092154638, 0.9713366557886078, 0.01664880087320486, 0.17392363960537927, 0.34439858841109544, 0.6144017188516737, -0.46828706367591266]","[-0.6899758922475816, -0.894432262919446, -0.04010836339316109, 0.6793015902994474, 0.9769228219625704, 0.11952057254949722, 0.18320104982266866, 0.3131243338297586, 0.5534451257016423, -0.4015548311951349]","(4, 0, 0)"
77,"[0.24622065274750415, 1.0890274668618551, 1.1317004588103599, 0.9311535368048494, -0.38726243233612045, -0.6997465916529763, 0.4300835202433518, 1.1174021830434606, 0.6362336595329503, -0.7596260725035046]","[-0.41153606729488623, 0.45198868639494727, 0.8630331236643815, 0.7001838969781691, 0.5810615883157648, -0.6777932264940029, -0.3608499784059748, 0.6105085094463392, 0.812147928320291, 0.23015969537280478]","[-0.3222775511175986, 0.33785222089425443, 0.9062883532519065, 0.675610656968962, 0.54933931831623, -0.6245965787726098, -0.4265421040211929, 0.6462494285927772, 0.8262189526831458, 0.20717877665650875]","(3, 0, 0)"
72,"[0.3400362027505685, 0.5494297971996708, -0.18855905206840756, -0.17295932256218585, 0.2865234062973911, 1.093810300008649, 0.2181147109918452, -0.7681901979743875, -0.8638393452899186, -1.4775207517018147]","[0.5890670145315953, 0.0455026954847709, 0.5266784494572854, -0.4518982767970502, 0.05298981583633926, 0.2600284983792215, 0.9637960508190383, -0.26378331441767394, -0.6362985407655505, -0.5456900749071434]","[0.64523455992908, -0.0021434418720836512, 0.45801589005418797, -0.413383838300752, 0.012154791585555602, 0.35084350585751556, 0.9571548193195807, -0.27699253135410695, -0.7127368174769039, -0.46571979736894586]","(3, 0, 0)"
76,"[0.9170068935406449, 0.09921659153687062, 0.027081572364266338, 0.35196597674754104, -0.6042087501673028, -0.6224803369831329, 0.30027899987465956, 0.4035081592790838, 0.46612235038460753, -0.10607835979586652]","[0.6285459706553915, 0.602733908212949, -0.20215036256960392, 0.1281567536490683, 0.2878875999230069, -0.7481525501288062, -0.24840406191872977, 0.42448103083402444, 0.19126764386207157, 0.3704885284535717]","[0.5807087531984134, 0.46221454626687514, -0.21844816356339863, 0.20241667571074193, 0.36042356861338903, -0.7723204176869622, -0.22368462629944896, 0.4659267318033983, 0.09337194803687704, 0.33108887922327146]","(3, 0, 0)"
73,"[1.5981682754602797, 0.47613100745064985, 0.2460839045818798, -0.4131581420894077, -0.9561774860620392, -1.6382663600870793, -1.60388481734283, -1.8562502351959105, -1.7275972666232273, -1.8483471817968984]","[0.8859232350970252, 1.155206657911767, -0.10147232150523372, 0.2968200653344966, -0.561568174756656, -0.6753933986837113, -1.3005696607452237, -0.9535999869702182, -1.3794502417108014, -1.0378721457678266]","[0.732838457997293, 1.0865055653244418, -0.09398897640872905, 0.3319426482200859, -0.40156229576502445, -0.6675635886280369, -1.197345754525009, -0.9736979527089508, -1.3581806164300367, -1.123933412374015]","(3, 0, 0)"
75,"[-1.3082483367598985, -0.4126170132094682, 0.4024540984496342, 1.0164133685964796, 0.8318673149626878, 0.8285374739095881, 0.8139221795242224, 1.370061553210951, 0.32954309265826653, -0.00567307499851466]","[-0.9860339790492562, -0.8152313472352704, -0.005001339591833021, 0.4049547682455507, 0.8139359844737042, 0.42489932272583575, 0.6160878125466702, 0.5058782732508873, 1.1171224165855074, -0.22901811563448715]","[-0.8776256426908122, -0.8098224340673313, 0.0837125680438458, 0.36210236949326435, 0.729899035550486, 0.3723341811141309, 0.6022435748381341, 0.5503524221025854, 1.129383671836057, -0.24952545695054262]","(3, 0, 0)"
88,"[-0.12535351901394975, 0.08603058028843796, -0.5926475112831628, -0.7978512218358794, 0.03577122429240581, 0.44487145056039135, 0.7412664821382897, 0.07631729439473611, -0.9968099512419335, -1.4889540761275784]","[-0.777693907859682, 0.2634934349158912, -0.04571613716950765, -0.569789442698409, -0.512956500486675, 0.29224947453574324, 0.2987467132925197, 0.5918931254920299, -0.21962926835127883, -0.8869953170662941]","[-0.821891694450012, 0.25036678341499113, -0.02037051400990443, -0.6402862430227235, -0.5126797506331033, 0.3074692819989835, 0.31225707755219057, 0.5391295745540066, -0.19249052873637795, -0.9158786124855364]","(3, 0, 0)"
74,"[-0.2080154370523759, 0.3240087946226874, 0.027330453640296903, -0.556590845023878, -0.9979922323030095, -0.15365661263831965, 1.1602266237061287, 1.5451893745146046, 1.8652690599464647, 1.478337072429936]","[0.6646332709888394, -0.5403320725467956, 0.5941748308960852, -0.26975696180774567, -0.4217123641200052, -0.7871360502430069, 0.23991141248318382, 1.0402709174645368, 1.0250539157823362, 1.3527421020552968]","[0.7024428547929199, -0.5733330274975162, 0.6213728502277582, -0.31315531773670424, -0.38584110431968793, -0.7964312406840836, 0.21724476006539672, 1.0730424538409509, 1.0654570670601728, 1.379960644599005]","(5, 0, 0)"
90,"[1.4245022281618231, 1.799329875111626, 2.206378161820413, 1.767049604338895, 1.9183454248212044, 1.0744307019004289, 0.16026964917266995, 0.12059175201549427, -0.2668079118155402, 0.2526246011402322]","[0.48790248543746223, 1.1805509854430922, 1.2090543823900801, 1.6018509706253732, 0.9661241190262085, 1.4352833653081, 0.35678901924637885, -0.018124860450519475, 0.129654182240754, -0.3316350029359172]","[0.5813573417807841, 1.167023389650021, 1.2711728265416593, 1.6023588494111294, 1.0293909208791203, 1.4568885633040425, 0.46485513168344617, -0.03881449355265176, 0.2160404526983794, -0.2996071695954496]","(3, 0, 0)"
91,"[0.3545847810736995, -0.38975637253466244, -1.529425353097951, -0.8268873015709277, 0.6365461092780518, -0.15301607298961528, -0.4043066933888111, -1.0811037141111999, -1.848357109134251, -2.2259245068820883]","[-0.18622597904702598, 0.4476977705972125, -0.6136052578332687, -1.2226227241813166, -0.21557593948026943, 0.7443340790181865, -0.5251831124987085, -0.14171513713945683, -1.0102461455414715, -1.3432340363635151]","[-0.1682976474552006, 0.39936227382359624, -0.5668921543108667, -1.2571640163067164, -0.14955752472498451, 0.7284623032111675, -0.6357558803415297, -0.1948177029191322, -0.9044332965695194, -1.3867741254678807]","(3, 0, 0)"
92,"[0.8596404822819658, 0.4374904133750261, 0.7191868944438928, 0.3651578480343064, 0.08424335058355342, 0.9652470838024234, -0.03361744545792311, -0.7012014607522381, 0.3366434321231948, 0.7734045106531834]","[-0.124765866916691, 0.9220234157403113, -0.023521294495129547, 0.7309475416914576, -0.00031592281142239775, 0.08440131198926462, 0.9230464278077911, -0.49514065936181867, -0.4536311310713288, 0.5634589976588592]","[-0.1476324873639093, 0.9634769132924701, 0.015919918401856303, 0.6194037472881972, 0.09725063452425875, 0.00960651492506144, 0.9560829180577768, -0.44161909953611583, -0.5569677198473331, 0.6313397934956944]","(3, 0, 0)"
89,"[-0.49526888152609727, -0.7460328929309152, -0.9918597789897783, -1.304960027194354, -1.6368133427777063, -0.4304367241010688, 0.9542770910203493, 0.8867173276198901, 0.2483301378449666, 0.8005497665221791]","[-0.6227272176590564, -0.1839052726965691, -0.6540802565826307, -0.6648196506984629, -0.9725502018451225, -1.1505382418551449, 0.14483239682650367, 0.8818608926070974, 0.44578688131634137, 0.02543669718679592]","[-0.5920331937532327, -0.08758146609011937, -0.6275138972601711, -0.6038596840618282, -0.8891520603888314, -1.0863044476893133, 0.25003317145700354, 0.9228974580458441, 0.40944947839952717, 0.02543573102553993]","(4, 0, 0)"
87,"[0.37304200380651775, 0.5762159787098875, -0.19769908031622863, -0.3203639541219173, -0.8153877939653668, -0.3420536830765592, -0.41000703934783667, -1.321035881999118, -0.1696072908106876, 0.6487607692576584]","[0.0668150779555817, 0.3396344648287269, 0.4063987462955241, -0.40089845346399067, -0.11991472738992198, -0.7554304302704058, 0.03566153205864367, -0.4278378053771585, -1.1071169793105387, 0.38395119884458173]","[0.162160087728369, 0.2665643838203088, 0.4838793770032246, -0.4584752035041604, -0.07809008321309835, -0.7243930686043619, 0.04012228623481062, -0.4351336124214231, -1.243906406466405, 0.49745881860090224]","(3, 0, 0)"
94,"[0.9920904917775231, 1.404787258984352, 0.8012487493676103, 0.7159173176371231, 0.5870722326524214, -0.22594986489279378, -0.8937359625112508, -0.35962977264115575, 0.5938938908482846, -0.18655597877024993]","[0.884112738136156, 0.5500341227094451, 1.1297701976296293, 0.23636365055279557, 0.5977354923607252, 0.28820448647205876, -0.37005210812882317, -0.7087099084468391, -0.005274818417736166, 0.5965313000571526]","[0.8175400133307562, 0.597798278760002, 1.0945569869614369, 0.31649493807604917, 0.5510830607572978, 0.37800791970379843, -0.3758785625307087, -0.6985047847246004, 0.0021899123246031382, 0.6145494984533217]","(3, 0, 0)"
99,"[-0.6498029850777745, 0.3893539140723592, -0.008361240862607366, -0.7097390734515481, -1.0072067818740826, -0.6339129644263006, 0.7135116813054091, 1.396591786710745, 1.0031708116774778, -0.4296508252965735]","[-0.11705891312578315, -0.5912735285148829, 0.6849906783298007, -0.3508565800275077, -0.5343107834377943, -0.7400513901551855, -0.2638872693487079, 0.8454553159797631, 0.9738641287208634, 0.5162387473170461]","[-0.11602005599713874, -0.6399225230607962, 0.6017026161370134, -0.3202736593791374, -0.5251003182696627, -0.7074585963647119, -0.3185635530436103, 0.8443718400563447, 1.0128389213334468, 0.5731940311788737]","(4, 0, 0)"
98,"[-0.024751709486492857, -0.5971460663241378, 0.2728564640434047, 1.1688558513803806, 0.18526211348455457, 0.6983190008011432, 1.230512166014851, 1.0703487013429358, 1.414747368266163, 1.289010327184216]","[-0.14517548450490225, 0.04783603276595827, -0.621064082707117, 0.5833885053969632, 0.8771615986818991, -0.253318685856395, 0.8249783437293408, 0.8180229941501806, 0.6613372042678455, 1.0840787661322402]","[-0.10248904761500732, -0.19028929824538826, -0.5591524790980295, 0.4556749020725812, 1.0201777725248045, -0.2099021735782634, 0.6001885588891543, 0.9367291485889288, 0.6107660753558182, 0.9912784504466319]","(2, 0, 0)"
95,"[-1.251953775866529, -1.3727370399751577, -1.10733230794949, -0.1600413611097481, -0.035180079313670676, -0.6129131056313042, 0.011044381299815775, -0.0844093501524874, 0.6939304783580773, 0.6270762385219777]","[-0.7061472957282471, -0.8988801280024054, -0.923296975973955, -0.6456838199625125, 0.16280054887150813, -0.11658035374942474, -0.5546229287565918, 0.2883558456781117, -0.22858727299154324, 0.8082241148538489]","[-0.7636947567387125, -0.950358224376196, -0.8053208636419656, -0.6057089506832537, 0.19875760947207022, -0.13947614858064117, -0.6343535552734636, 0.33539349101542815, -0.19699810412659663, 0.7536007543204075]","(3, 0, 0)"
100,"[0.6222004416663334, -0.14643987609322695, -0.589992441037281, 0.5659891711853549, 1.149165459575575, 0.4060878722864004, -0.529152482535381, -0.016476438998050513, 0.34979229227538555, 0.2217781204849847]","[0.10549828280820003, 0.5694513002622333, -0.4311655262243436, -0.37440967792510915, 0.7531940101479094, 0.7725684545016201, 0.019803645035590345, -0.5390543050531762, 0.2530507135285376, 0.22326693551111676]","[0.09460118100567486, 0.5778917805753442, -0.3686721482169126, -0.3782836701420843, 0.71093069423289, 0.6970281416371109, 0.06265464395423835, -0.45885844629700956, 0.21529037314249766, 0.15905871211640607]","(4, 0, 0)"
96,"[-1.7501678292007754, -0.7971942000059093, 0.3938658922474092, -0.45714863756277946, -1.052168722196051, -1.0664714795621473, -0.7293493968282486, -0.5032054302575537, -0.23205691191626843, 0.4997808401105744]","[-0.9695056609500554, -1.2654149987257477, -0.1644867006430355, 0.47610924256892695, -0.695203258847243, -0.7045670927724295, -0.7141879331759325, -0.37225543024028235, -0.31707771513741256, -0.07351805434756215]","[-0.9944123122546674, -1.264634385158885, -0.18243547456505732, 0.5314627664356268, -0.6691267115646714, -0.6491333492154058, -0.7297457431031713, -0.43419974553756296, -0.306640238481814, -0.05196494791419817]","(4, 0, 0)"
97,"[1.4183671678152758, 0.4139600652939346, 0.48535394723718606, -0.04410255415612191, 0.4525782606865739, 0.09852123979295663, 0.0581639591738482, -0.5169310831622613, -0.35451166912538934, 0.8486503987237831]","[0.7543061489748016, 1.041214093327875, -0.10664698137000295, 0.5386774379221875, -0.3134412731172157, 0.6092988972451818, -0.20612820882963426, 0.16122806358866532, -0.597545114956594, -0.05573911164709233]","[0.755487348846299, 1.069192511371613, -0.15077847572361536, 0.5636884656944036, -0.4279961518527007, 0.5891829626578797, -0.25323590233065724, 0.1517567143762965, -0.6137895397528986, -0.06413008676874575]","(4, 0, 0)"
93,"[0.30153223106988497, -0.10321544872931196, -0.2748992041791227, 0.29015353002316857, 0.35914253840275745, 0.9712980800074007, 1.1340918819236876, 0.33791150229537725, 0.40404228402007347, 0.5769322414121981]","[0.45274007283906675, 0.0751621946503516, -0.14079654605448777, -0.20450093115187884, 0.392403995599108, 0.16294054060320345, 0.889827809705799, 0.6891779770707881, -0.0066774862400167945, 0.40738102714008184]","[0.40397274622146573, 0.20083687089151422, -0.1727087024583468, -0.18542560835225702, 0.3873286118118624, 0.193415544422559, 0.8478623758897744, 0.7613352993707598, -0.007325654230639522, 0.41575285133783785]","(3, 0, 0)"
