seed,True,ARMA,Informer,Informer_para,Informer_lr,RNN
32,"[0.8919009554410655, 0.3430863057232868, -0.8331640162756686, 0.1995299285292902, -0.014756781712837341, -1.0446170315563479, -1.2185155412428688, 0.4021040272206776, 1.4225012729638218, 1.6394346542640252]","[1.0708670034446492, 0.045295010274625847, 0.036398345282579986, -0.8345627505280107, 0.6962977496251458, -0.31022366103126625, -0.7965547436988627, -0.4934608776172075, 0.8607952962631814, 0.8267061308885637]","[1.1966965, 0.48449352, 0.48053518, -1.0345657, 0.5934241, -0.084825106, -0.96146464, -0.95525116, 0.7414602, 0.49309456]","(100, 20)",0.0001,"[0.6491079330444336, 0.12384466826915741, 0.12649428844451904, -0.8612050414085388, 0.9244651198387146, -0.7321324944496155, -0.8053649067878723, -0.4584203362464905, 1.292656660079956, 0.7852922081947327]"
63,"[1.5183510787843302, 2.3937143568473545, 2.5425282829933686, 0.6313434942478507, 1.2377169419351737, 0.15686896505073666, 0.02589841203218335, -0.08404419849605466, -0.5951041478727183, -0.5938219288017121]","[0.3674664350554853, 1.209100590949312, 1.3073123429017541, 1.226765601697761, -0.45726929582686715, 1.1474626470513474, -0.5715000274150597, 0.21877239332270845, -0.16568949983699843, -0.4390685058663429]","[1.144542, 1.959897, 1.818185, 1.559114, -0.0988149, 1.7954093, -0.11321857, 0.94275534, 0.09708858, -0.025195554]","(100, 20)",0.0001,"[0.5653344392776489, 1.3425542116165161, 1.5483306646347046, 1.3430824279785156, -0.35776740312576294, 1.0294028520584106, -0.3930571675300598, -0.024962589144706726, -0.13005276024341583, -0.5611174702644348]"
78,"[-1.786411214463587, -1.8354435815308485, -1.2823137440676615, -0.3262719890789862, -0.9540302994008945, 0.005323301806313019, 1.7321971066872592, 1.8547066062348914, 0.4942234998395071, -1.5670137052905864]","[-0.674789029181795, -1.1568657175212, -0.9246396675139519, -0.5123314281732814, 0.0765796076355058, -0.9040122023707977, 0.56477621208961, 1.3221754808924835, 0.8044536466457279, -0.14498520810928264]","[0.14438237, -0.26574555, -0.24081092, -0.04014772, 0.40943035, -0.95431405, 0.84124947, 0.96412146, -0.012169487, -0.9255631]","(100, 20)",0.0001,"[-0.7576165199279785, -1.0661358833312988, -0.9104335308074951, -0.32769566774368286, 0.09529069066047668, -0.8816839456558228, 0.3043476641178131, 1.5640448331832886, 0.6710450649261475, -0.4048335552215576]"
38,"[-1.5664670941876349, 0.15243834229327857, 0.983753246404777, -0.5436373409011893, 0.8970963991631993, -0.0952211032098027, 0.27406666345592756, 0.8660951032587624, -0.13081336499192697, 0.48545526971877406]","[-0.6373852795937724, -0.9784189595233136, 0.821556512225144, 0.43617073684744645, -0.873206321370453, 1.4038207890260077, -0.9518759750416105, 0.7639177766981835, 0.394300715376916, -0.4594376747909504]","[-0.4491887, -0.75680625, 1.0369834, 0.9351699, -0.61822927, 1.6543727, -0.63776875, 1.5222192, 0.79927355, -0.23909922]","(100, 20)",0.0001,"[-0.5861457586288452, -0.8535881638526917, 0.9309582710266113, 0.7088821530342102, -0.8168515563011169, 1.4020838737487793, -0.9239388108253479, 0.7423766851425171, 0.48463931679725647, -0.5093154311180115]"
27,"[0.5433834014821325, -0.2813752169572461, -1.6507690638399892, -0.5392228109744919, 0.0358458019989249, -1.3523093968168916, -0.28370180807418044, 0.4866379650562555, -0.9807717619087977, -0.8254637564587508]","[0.574373755153217, 0.14440912969110514, -0.42860946108342296, -1.3322432696883368, 0.41183139570766075, -0.13123660567841178, -1.3135848059262656, 0.6455335423774516, 0.15037240509340405, -1.158753415000371]","[0.19811946, 0.15935734, -0.34550932, -0.84263164, -0.022751208, 0.21040863, -1.7335932, 0.7214581, 0.62118125, -1.6657792]","(100, 20)",0.0001,"[0.9263922572135925, 0.06130915880203247, -0.3825088143348694, -1.25860595703125, 0.6351828575134277, 0.016229867935180664, -1.1879780292510986, 0.6853647828102112, 0.2918047308921814, -1.1183326244354248]"
34,"[1.5659960799344281, -0.4803619457547359, -1.0839423596483155, 0.1675213475082694, 0.9709578066105129, 0.1238356957633096, -0.6905410299778845, -1.3810468241012401, -1.5426304109503217, -0.14750334587360048]","[0.5728656478717237, 0.8722564674245122, -1.1459477548405186, -0.4000128152019975, 0.5735033537595399, 0.5927367314790061, -0.36220643343569847, -0.5013023024387676, -0.8427655661353568, -0.6800261814090829]","[0.08205195, 1.1376038, -0.7056698, -0.8835692, 0.6194476, 1.0720493, -0.24921787, -0.58107895, -0.84608954, -0.7868417]","(100, 20)",0.0001,"[0.5062724947929382, 0.7870895862579346, -1.2224369049072266, -0.5312919616699219, 0.5276408195495605, 0.6732979416847229, -0.31720176339149475, -0.6224178075790405, -0.9446379542350769, -0.7761266827583313]"
77,"[1.6381681811464013, 1.5163091051092064, -0.01503119565809874, -0.7291922849134499, -0.6024020784517252, -1.0381969221159666, -0.49444726436241826, -0.26433945326827135, 0.8936261423364658, 1.108942721816281]","[0.6339363739592173, 1.1403998555947295, 0.6058138444668979, -0.4636768964424038, -0.4054961286401473, -0.24900632118125965, -0.7681526367287492, 0.03882603311447452, -0.20226909164456452, 0.9126284843913488]","[0.8162534, 0.48279104, 0.51664984, -1.4241624, -0.94993514, -0.36481524, -0.7846881, -0.3553988, -0.11675008, 0.58132136]","(100, 20)",0.0001,"[0.7180235981941223, 1.1997359991073608, 0.6490961313247681, -0.4877268075942993, -0.5381249189376831, -0.24226392805576324, -0.8349987268447876, 0.02926461398601532, -0.17379389703273773, 0.8908557295799255]"
51,"[2.7801558908965927, 1.444691466795002, 0.22295876801519848, -2.5569285765859204, -3.1433200735719717, -3.4560790809189634, -1.0621860721879726, -0.43184800559919734, -1.6916701320538288, -1.5772351497153858]","[0.7766095539038099, 1.5092634379067904, 0.04901523312506395, -0.19471922051779803, -2.2825688394175128, -1.3679811750332587, -1.8097561949270187, 0.5725625725246453, -0.28914206906765405, -1.306247810301119]","[0.8734249, 1.3249681, 0.77884436, 0.01906962, -1.5986934, -1.6120795, -0.89780533, 0.24420992, -0.043817364, -0.42625555]","(100, 20)",0.0001,"[0.7339140772819519, 1.4439857006072998, 0.01595848798751831, -0.15814882516860962, -2.02107572555542, -1.3913750648498535, -1.9483256340026855, 0.6571373343467712, -0.5193544626235962, -1.1973886489868164]"
35,"[-2.223263267222157, -1.989672094441333, -1.4150748145182186, -0.8212655795011936, -2.2398976210908645, -1.2718568869535694, -1.2471422397079532, -1.0991395277809057, 0.5467537183927864, 3.2757550208821042]","[-1.9144632940380246, -0.7639407053218537, -1.238570229864068, -0.529077880442324, -0.32577066316975745, -1.8783025112917457, -0.000433897763948754, -0.9843454054413512, -0.4741984905064158, 0.9173528528918783]","[-1.2708397, -1.2810775, -1.4203323, -1.1066669, -0.67907137, -1.5226837, -0.48351568, -1.0269868, -0.6358536, 0.5100664]","(100, 20)",0.0001,"[-1.8771878480911255, -0.9399558305740356, -0.7881342172622681, -0.3867553472518921, -0.1767018437385559, -1.656087875366211, -0.2128008008003235, -0.6347144246101379, -0.5504747033119202, 0.8869060277938843]"
55,"[0.9385057848644893, 0.4611060020433973, -0.7800011553020153, -1.16336574100135, 0.24006685469578415, 0.9343065873976425, 1.7347838283635246, 1.392368765525556, 0.9443571039674578, 1.4741979605798183]","[0.019199771295260376, 0.9445939944001398, -0.1916040302699541, -0.7725985027913772, -0.5591570285318274, 0.7551200250584911, 0.5078446919620754, 1.1364952604544252, 0.3652250065262217, 0.33691492541855234]","[0.14913924, 0.48287898, -0.7025472, -0.33292288, -0.22329348, 1.1270598, 0.7918499, 0.76501995, 0.7489518, 0.17827745]","(100, 20)",0.0001,"[0.20731276273727417, 1.00324285030365, -0.11707877367734909, -0.8483671545982361, -0.5988193154335022, 0.747571587562561, 0.6989452242851257, 0.7767810225486755, 0.5442468523979187, 0.32291972637176514]"
41,"[2.018166804797763, 0.26567622443363115, -0.9204996471380374, -1.0915786321448933, 0.09451775061611134, 0.31135675102023463, 0.4124258015615632, 0.7819182881710262, -0.06601750429049408, -1.0093415460830055]","[1.3271865845436988, 1.2637801358482263, -0.7674561660939057, -0.6235334352226714, -0.488289478427516, 0.5594706422834119, 0.056972220227878165, 0.2554370233052855, 0.48493978378309466, -0.4451383881420275]","[1.1248243, 1.2952293, -0.1061766, -1.1585884, -0.31551945, 0.74020535, 0.056672025, -0.46386278, 0.27395967, -0.5448304]","(100, 20)",0.0001,"[1.1109263896942139, 1.3908424377441406, -0.713038980960846, -0.8317297101020813, -0.4549276530742645, 0.5244597792625427, -0.007617652416229248, 0.1872938871383667, 0.35465335845947266, -0.45817893743515015]"
20,"[0.8896314159026872, -0.5813853203745856, -3.07725423138906, -3.178129315348814, 0.0009961796221158448, 0.4946515920223329, -0.9000429254088452, -0.9231928517859458, 1.8351160477986588, 2.4359315456730197]","[0.3169780660883142, 0.2395530838838115, -0.8252315518900506, -2.207631120188543, -1.1191528660973264, 1.2586714567377273, -0.06213299469856337, -0.8855618298262214, -0.2246320883972755, 1.9249614025168227]","[0.68193483, 0.8299354, -0.67846847, -1.561314, -0.6437009, 0.28849888, -0.67335504, -1.2479955, 0.29369104, 1.6064945]","(100, 20)",0.0001,"[0.2458447515964508, 0.221489816904068, -0.9252233505249023, -2.191511392593384, -0.9886126518249512, 1.0688825845718384, 0.04074028134346008, -1.2110767364501953, -0.31486740708351135, 1.5876818895339966]"
94,"[-0.3082293840259648, -0.2968024086668181, 1.6957894015159427, 1.9099167868751448, 0.6237615270226489, 0.2904857733246174, 0.9414048756159239, 0.8087004644333763, -0.9667144195959287, -2.3180183124851075]","[-1.1856597651855432, 0.4431099026417323, -0.44420511639329785, 1.7620976786453346, 0.7106051197068982, -0.03993464776523912, 0.2794855432926554, 0.6966531719406536, 0.2813387064673429, -1.1166450382357296]","[-1.6471653, 0.6112351, 0.19633664, 1.6244488, 1.420413, -0.34470084, 0.46279925, 1.0255269, 0.2782466, -1.6270915]","(100, 20)",0.0001,"[-1.1083241701126099, 0.670209527015686, -0.5226330757141113, 1.6788361072540283, 0.33013632893562317, 0.09136191010475159, -0.014727085828781128, 0.751477837562561, 0.2752547562122345, -0.9392790794372559]"
64,"[0.960188229976986, 1.9874423379743371, 1.0987946114776337, 2.0902947357532593, 2.476175664241769, 0.8121078065848485, 0.3355804188099139, 0.0889636597566559, 0.9725893746154093, 1.7738191075207315]","[0.765242268711644, 0.3161222113477181, 1.602256671026764, -0.026237707576997782, 1.8247733014742569, 1.1583311351694596, -0.14879648986071953, 0.3576464174492705, -0.12216291058349105, 0.9427720595279844]","[1.1600856, -0.18620159, 0.7940451, 0.8515616, 1.1755514, 0.5258874, -0.8225684, 0.7986043, -0.41116455, 0.37835217]","(100, 20)",0.0001,"[0.6422153115272522, 0.10296538472175598, 1.4719929695129395, -0.1474458873271942, 1.6825488805770874, 0.946489691734314, -0.2291155904531479, -0.009725525975227356, -0.09101258218288422, 0.8601807951927185]"
73,"[-2.5376221671283297, -1.2580984383368738, -0.3346163985270597, 0.49886123812781336, 2.9658841044232194, 2.5419784354427586, 1.748233198849274, 0.6511930271995904, 0.4982793667647232, 1.3323473686472305]","[-1.5349323303912514, -1.436521489882157, -0.1491646717336637, -0.1213626029884407, 0.537158609485188, 2.537483911116516, 0.7824715100738266, 0.9299344808640488, 0.041638868767672255, 0.3493396369423094]","[-1.9199145, -1.8269765, -0.5462172, 0.06704919, 0.61487734, 2.2266207, 1.5306911, 1.5059409, 0.5795222, 0.36639214]","(100, 20)",0.0001,"[-1.551918864250183, -1.4185436964035034, -0.36874011158943176, -0.20617720484733582, 0.20697645843029022, 2.1273610591888428, 0.752663254737854, 0.9096695184707642, 0.036832720041275024, 0.1437547206878662]"
48,"[1.1399513399307817, 2.430756152965367, 1.934636891961126, -0.8375189558567607, -3.010068500613653, -1.667091680285292, -0.0882044017550313, 1.0351423008721765, -0.28129497585500673, 0.049888017237669335]","[0.2527927973202937, 1.2551266872505247, 1.4636846946913256, 0.611399185458826, -1.4947160329301368, -1.9827292066001256, -0.0026393510813587095, 0.3314610514560925, 0.8491999905242291, -0.8595332151744739]","[-0.2991499, 1.5414565, 1.2545775, 1.0808917, -0.59121954, -1.2359076, -0.4777468, 1.0781534, 1.0645916, 0.099649705]","(100, 20)",0.0001,"[0.6258390545845032, 1.1214455366134644, 1.666122317314148, 0.7349597811698914, -1.6459760665893555, -1.8649414777755737, 0.22772623598575592, 0.3022097945213318, 0.7593252062797546, -0.7042180299758911]"
37,"[-0.7320107824784348, -1.334873221862436, -2.830270727999395, -2.171825700352501, -1.1699072417331753, -0.9083298934746911, -0.6531089742269618, 0.1716358428829503, 1.420182219659508, 1.505674042252934]","[-0.2849852189966668, -0.35861985091764303, -0.8806465714714965, -1.890026218090886, -0.4361124282922968, -0.27270422992457616, -0.39270457695089495, -0.1858217861825478, 0.42599914559381785, 1.1052115673516234]","[-0.36241093, -0.4063067, -0.7931165, -1.2534766, -0.8592794, -0.6692596, -0.8191334, -0.40752357, 0.483576, 0.76314443]","(100, 20)",0.0001,"[-0.3531220257282257, -0.41871699690818787, -0.8950532674789429, -1.8911199569702148, -0.7394052147865295, -0.5644343495368958, -0.4444039762020111, -0.297311931848526, 0.5032316446304321, 1.070266842842102]"
28,"[0.523710630683018, 0.04752838082399702, -0.12177348507794875, 0.026768672560152126, 0.3361239468267235, 0.22293268048079945, -2.111120066759831, -0.4133371844290823, 0.5128633588881688, 1.8524875363268667]","[0.6964075811458937, -0.010083503123819726, -0.11412976189707469, -0.08651596911023933, 0.09020151152526203, 0.2651784077139686, 0.010131082909464531, -1.9771454021357346, 0.9265166891963988, 0.2821309072786614]","[0.9201196, 0.4961653, -0.5049241, -1.0335811, -0.6663282, 0.58664, 0.37307107, -2.6554115, -1.3248582, 0.14218785]","(100, 20)",0.0001,"[0.8147698640823364, -0.23060961067676544, 0.19124990701675415, -0.25215476751327515, 0.09814180433750153, 0.16859573125839233, 0.07545885443687439, -2.087399959564209, 0.894762396812439, 0.06713405251502991]"
76,"[0.6284462840705773, 2.832357135252855, 0.7838583994273636, -2.4008159710761228, -1.276424057037398, 0.9441756474293519, 0.29418363882198173, 1.4631129432888905, -0.06437190747572186, -3.4901185360827855]","[-0.4341054948830401, 1.0343134686282953, 1.8900248874437944, -0.7766820192707358, -1.9427014283757207, 0.2798900964886105, 0.9958580854524277, -0.39571301114887303, 1.3888995383617164, -0.9937534776360208]","[-0.99254566, 0.9443663, 1.2344534, 0.07834028, -1.5376651, -0.7955904, 0.9856503, -0.63737917, 0.8059168, -0.78953075]","(100, 20)",0.0001,"[-0.7224944829940796, 0.9325640797615051, 1.9850640296936035, -1.0308682918548584, -1.9682047367095947, 0.39256060123443604, 1.0110530853271484, -0.43399012088775635, 1.0808286666870117, -1.0235373973846436]"
90,"[1.7130880261288133, 1.5009803564878188, 2.081887324413866, -0.419534550644592, -0.9755141657726423, 1.0185698970243244, 1.645341301515098, 1.0585931284142258, 0.9759343192926778, 0.08256095322825291]","[0.528086915753646, 1.153239235122166, 0.5605761650499067, 1.4208439452932076, -1.2969912016585519, -0.11195524362085257, 1.0628744722003372, 0.7542254860651231, 0.3934725587352254, 0.5804240976711197]","[0.8078564, 1.4025676, 0.9051823, 1.4493378, -1.5345765, -0.59289044, 1.1686438, 0.87150884, -0.3190836, 0.4867759]","(100, 20)",0.0001,"[0.5478388071060181, 1.3047869205474854, 0.4591512382030487, 1.5221445560455322, -1.303966760635376, -0.12129954993724823, 1.2737250328063965, 0.7694360017776489, 0.28703346848487854, 0.6372915506362915]"
15,"[1.9877180158333834, 0.6412507552841065, -1.3332199243664182, -0.5877213416820823, -0.04635724783356576, -0.15313840750309313, -1.3506328108232484, -2.250841349679237, -0.0869710897871927, 1.8672560230339834]","[0.452616209166302, 1.5766792058960737, -0.6501895379951229, -1.1402602647808815, 0.32905387263126473, 0.01388865887086806, -0.1276943853758611, -1.1097382765778492, -1.1645264942584581, 1.0720202709886748]","[0.2759368, 1.2203466, -0.6263295, -2.4538138, 0.63685036, -0.21178767, -1.5651985, -2.4404492, -2.0075562, 0.7362752]","(100, 20)",0.0001,"[0.37358182668685913, 1.4250760078430176, -0.37027496099472046, -1.3221290111541748, 0.12536166608333588, 0.3638070821762085, -0.11862598359584808, -1.252874732017517, -1.2095921039581299, 0.37145841121673584]"
82,"[1.1636955896271974, 0.551543475212207, -1.597994601477104, -1.644474056900559, -0.35267418935987405, 1.2896146463399254, 0.921871432679185, 1.7473868639972983, 1.0418311651243877, 1.0962248815547175]","[0.12830905263980336, 0.8050191124008704, -0.06662866329643308, -1.5761020228662421, -0.5675162319378334, 0.3132955232836269, 1.170670678998381, 0.12174904244858803, 1.2774046365644138, 0.07149047547484011]","[-0.15471883, 1.0096859, -0.13431408, -1.6102202, -1.6919802, 0.16082773, 0.98901296, -0.22044829, 0.8516001, -0.06780096]","(100, 20)",0.0001,"[0.21564655005931854, 0.8213464617729187, 0.10714656859636307, -1.6266835927963257, -0.714799702167511, 0.48976635932922363, 1.0313892364501953, 0.1955934315919876, 1.3039264678955078, 0.20734912157058716]"
72,"[0.33601750436686517, 0.44696086144959624, 1.5477168592623303, 0.9089844435908385, 0.08969874285455368, 1.1288989688706905, 1.1573235341285844, 0.644995806543942, 0.8025087475155676, 0.618384834647737]","[-0.49659825420663256, 0.7360499889559019, -0.06723705801801716, 1.3298585655862745, -0.253494433175674, -0.0009779418175047683, 0.9988469539813782, 0.24665470781129728, 0.17872211714835293, 0.478783520263252]","[-0.6594331, 0.6181715, 0.37440634, 0.94271255, -0.3751475, -0.39242822, 0.61633813, -0.14925107, -0.6012109, 0.46163577]","(100, 20)",0.0001,"[-0.5976678133010864, 1.208771824836731, -0.5773121118545532, 1.300221562385559, -0.24370655417442322, -0.2746228277683258, 1.300221562385559, -0.028155773878097534, 0.3370091915130615, 0.4141803979873657]"
45,"[0.5610074140434663, 0.07980465943690218, 0.08375326997131953, -0.1536627707201625, 0.3873411031695232, -0.20519217119133598, -1.9417602214778804, -1.8477082741216246, -1.4307904140148686, -1.9630829509448933]","[1.0861440913332656, -0.31647042640092227, -0.004349801620014679, 0.054657302485993035, -0.1873097324360513, 0.4693622841719014, -0.45946978178284836, -1.6122679932926256, -0.6190646262716197, -0.5685556187308674]","[0.9090974, -0.70574963, -0.060876235, -0.4773348, -0.5874168, 0.31618854, -0.23830216, -0.7890035, -1.0410737, -0.45012665]","(100, 20)",0.0001,"[0.9644083976745605, -0.4626522660255432, 0.21278440952301025, 0.07184851169586182, -0.060454487800598145, 0.32539471983909607, -0.2614697217941284, -1.5612833499908447, -0.9066974520683289, -0.7557645440101624]"
75,"[0.7570397944851985, 0.3264153638780595, -0.45909094353956986, -0.5826039118794046, 1.1674121532790114, 0.08484646261257223, -1.0267676834885384, -1.9540044488697927, -1.235315180233392, -0.3720651649076729]","[1.1959159400342938, -0.022103884711446087, 0.13276699094516722, -0.5799964234876, -0.1676044863351156, 1.3346759291081525, -0.8367014573069727, -0.6018440590522031, -1.3166124126162266, -0.06963606348508944]","[0.915946, -0.66537356, -0.626294, -0.7906215, -0.18958645, 1.3586545, -0.6273234, -0.86250603, -1.2867522, -0.3190234]","(100, 20)",0.0001,"[1.028826117515564, 0.3853912055492401, 0.1258155107498169, -0.6471986770629883, -0.22221270203590393, 1.3256423473358154, -0.6782553791999817, -0.9108750820159912, -1.1773229837417603, -0.1889011561870575]"
52,"[0.4185223717210336, -0.7013853601343594, -0.06192313177101827, 0.011469453908906357, -0.4105014783487351, -0.28678503085709656, 1.0889963254811568, 0.9104242384465742, 0.40873433318946123, -2.1422188209835333]","[0.8040691481457317, -0.6414447251990103, -0.9512161279638374, 0.07843333430660326, -0.15522369059884505, -0.526892884985894, -0.2334979479877402, 0.8195753541725483, 0.05298585972257919, -0.25878414682054185]","[0.36926135, -0.33865848, -0.8570568, 1.1299362, -0.17167707, -0.748591, 0.19794987, 1.6940937, 0.4569524, 0.29059282]","(100, 20)",0.0001,"[0.996719241142273, -0.2401966005563736, -0.5052037239074707, 0.3623129427433014, -0.032415397465229034, -0.3301333487033844, 0.15448719263076782, 1.1025078296661377, 0.19365692138671875, 0.23394855856895447]"
71,"[0.9522399840519237, -1.169532400658353, -1.4476195133811665, -0.0609618985288381, 0.739031087695927, 0.5808766494264185, -1.7593410788728847, -2.721187982436676, -1.6816344238498644, 0.05833687127702186]","[0.39164914257280814, 0.6767825145440298, -1.901608932693974, -1.0084941763879112, 0.1679058376199729, 0.3798395622886697, 0.25464855378940365, -2.1828807949030544, -1.931524853860434, -0.7169187450703247]","[0.38630253, 0.7834207, -1.1984456, -0.9368625, -0.04455795, 0.3856783, 0.43508458, -1.8646625, -1.4773961, -1.0655664]","(100, 20)",0.0001,"[0.7359205484390259, 0.9107722043991089, -1.6309945583343506, -0.6042817831039429, 0.7547820210456848, 0.6649672985076904, 0.22112026810646057, -1.7330740690231323, -1.4446160793304443, -0.3343225121498108]"
19,"[-0.7112980372260169, 0.5369460039820787, -0.2239064927329748, -0.6714163521295253, 0.15471560840418275, 1.626880414522232, 1.7047193560827267, 0.47754033762371034, -1.840320257066993, -0.9194332307565033]","[-1.45429879039632, 0.062454988657491994, 0.6690189616963953, -0.575090099261147, -0.35029802165643376, 0.44819568913476626, 1.2708731447867314, 0.6446279924507927, -0.27708186086068265, -1.705296852733032]","[-1.610965, -1.0617207, -0.19980903, -1.2403877, -0.7891895, 0.43297789, 1.1625432, 0.42679113, -0.20038311, -1.8736004]","(100, 20)",0.0001,"[-1.202907681465149, -0.13486823439598083, 0.6111513376235962, -0.5913206934928894, -0.642577052116394, 0.5887385606765747, 1.1829864978790283, 0.5729849934577942, -0.35599592328071594, -1.7829948663711548]"
86,"[-0.6597796119947241, -1.3459889959585982, -0.7114255402078072, -1.0230528737738915, -1.4463509436814377, 0.37292661399897864, 1.444459644565084, 1.1575064800879824, 0.9256016173664637, -0.39227314322700135]","[1.0035803761625421, -1.4325782777843754, -0.19725085345957308, -0.1869063914824572, -0.7320855077700861, -0.5730856428727958, 0.8436166750558439, 0.6563974100455443, 0.3218549328666628, 0.44789541566981195]","[1.7085488, -0.2471167, -0.3401574, 0.48567438, -1.353148, -1.0398302, 0.49593148, 0.81737113, 0.5640065, 0.6397953]","(100, 20)",0.0001,"[0.909082293510437, -1.4262644052505493, -0.44179579615592957, -0.32305455207824707, -0.5731644630432129, -0.5966663360595703, 1.0137017965316772, 0.6328266263008118, 0.31461912393569946, 0.3681222200393677]"
67,"[-0.10932086797793605, -2.3759584597037526, -0.27903187809677243, 0.9552127848679067, 0.16574953757049932, -0.9983664309168176, -0.9120398214521346, -0.9474899843698715, -1.1983056533258027, -0.31428371150315515]","[1.6772515004556925, -1.3381555352702044, -1.649941896372735, 0.9848224469546089, 0.5746484244042203, -0.3139600897495691, -0.8387154772427668, -0.257502875336905, -0.5336929428182076, -0.6501814091817526]","[1.9815599, -0.8738754, -2.2230413, 0.5145506, 0.88638186, 0.8621179, -0.29606172, 0.44660857, -0.7549911, -0.18594968]","(100, 20)",0.0001,"[1.7334730625152588, -0.8309035897254944, -1.8406574726104736, 1.1173133850097656, 0.5755112767219543, -0.3650917708873749, -1.0039284229278564, -0.40020763874053955, -0.6762033700942993, -0.7800910472869873]"
33,"[0.051313360279217346, -1.1941266547350573, -0.49330191249584987, -0.2879651952912808, -0.38518271615872435, 0.910538106739884, 1.4459594473898747, 0.3573531292499716, -1.7438237471703844, -2.374942746444699]","[0.40979852672944217, -0.17173057302537725, -1.05012836738866, 0.22027720420926217, -0.3100087285879514, -0.21573705199879123, 1.0197690331763154, 0.7174272412051574, -0.21103776202919583, -1.523701381644361]","[0.7246018, -0.15206167, -0.97347707, 0.35751027, -0.092418656, -0.03343816, 1.1695837, 0.66383326, 0.20670603, -1.4275776]","(100, 20)",0.0001,"[0.36882293224334717, -0.283810019493103, -1.0289011001586914, -0.011467024683952332, -0.09969832003116608, -0.27331018447875977, 0.9390493631362915, 0.82264244556427, -0.2609257102012634, -1.4165608882904053]"
83,"[-0.6545817741299405, 1.434024738276674, 0.34749362506855164, 0.5199948567396283, 0.721188136451574, 0.43640808211075144, 1.45987711423287, 1.1287010228834997, 1.2488000179907937, 2.319392260813648]","[-0.5221744572880407, 0.2762225748259858, 1.3427768277193306, -0.6297091235969534, 0.5615262354960142, 0.25777126133788264, 0.05826696042957505, 1.0999153472471983, 0.12378776932281355, 0.6801486777008658]","[-1.2052329, 0.10586118, 1.8571982, -1.2428199, 0.7348752, 0.63034123, -0.39729875, 1.4913502, -0.21048461, 0.6368384]","(100, 20)",0.0001,"[-0.6121978163719177, 0.09544126689434052, 1.5973973274230957, -0.7825456261634827, 0.7953073382377625, 0.270263135433197, 0.273052453994751, 1.2541834115982056, 0.06124551594257355, 0.8847038745880127]"
61,"[-3.057948799466865, -3.963349443448349, -2.2110460710511606, -1.0383298758388935, 0.3293943821787133, -1.067748810281296, -2.149024809062282, -2.0398062169834312, -0.14888278236076757, -0.21845981564460837]","[-0.8349129540259195, -2.4017177896044553, -1.7660645317129833, -0.512245952598252, -0.44357341720456733, 0.663312315217872, -1.4304668953649007, -1.0591108021499285, -0.9059390981470894, 0.5836529066990241]","[0.29724655, -1.4493122, -0.5988092, -0.6803143, 0.6017799, 1.4365199, -1.4338359, -0.098214015, -0.42188862, 1.0683084]","(100, 20)",0.0001,"[-0.9353747963905334, -2.1827383041381836, -1.770229458808899, -0.645025372505188, -0.21091705560684204, 0.792188823223114, -1.7355118989944458, -0.9311291575431824, -1.240890383720398, 0.7863389849662781]"
54,"[-1.6548414401155862, -1.0923288020554764, -0.20930414280020937, 0.48050805157153986, 1.5395672153751465, 2.6580351381390885, 1.3425125521817323, 2.114649888439951, 2.759196543252524, 2.1465735566472923]","[-0.37883313989930756, -1.220470392224101, -0.004599764676595952, 0.0992513299130032, 0.4419507951183343, 1.0610928684965615, 1.5172784753749151, -0.16255086967498544, 1.62645138282076, 1.2127117681134307]","[-0.05942247, -0.85671175, 0.012625508, 0.33659592, 0.461898, 1.324465, 1.4412165, 0.9219596, 1.2423238, 1.191387]","(100, 20)",0.0001,"[-0.5328906774520874, -1.2306127548217773, 0.03023649752140045, 0.09446056187152863, 0.4621424376964569, 1.090071201324463, 1.4748084545135498, -0.39764830470085144, 1.4929605722427368, 1.3241183757781982]"
92,"[-0.47638607818833084, 0.2896693442622678, 1.2600691101965904, 1.9794712839398585, 2.3972614213846057, 1.74360811031123, 0.615770596118553, -1.260497787937056, 0.28965761125159295, -0.939215085030968]","[-0.3824373367408215, -0.29539852511882725, 0.5032605066907694, 0.9119965082674564, 1.217433151138989, 1.335876818508259, 0.5788943548457215, -0.023222128831020872, -1.3140941445502747, 1.1163755689158383]","[-0.7957156, -0.82448727, 0.18081927, 0.5538784, 0.7758492, 0.84147525, 0.21785659, -0.5597526, -1.8835136, -0.057736486]","(100, 20)",0.0001,"[-0.38074764609336853, -0.332479327917099, 0.6011404991149902, 0.973199725151062, 1.2027454376220703, 0.9111371040344238, 0.7242418527603149, -0.167340487241745, -1.2996279001235962, 1.1952157020568848]"
24,"[-0.5535449299134794, 0.4515542522223963, 1.5079982453383614, -0.6604978916087958, -4.020652389777224, -3.8083523193128563, -1.0488918440513808, 1.3564697966297397, 3.0180827103370307, 3.8053992266989916]","[-0.13959281782242272, -0.5625030558880476, 0.8307265147546989, 0.8584601253972135, -1.2342497863709163, -2.924323462147549, -1.4789920060993953, 0.18601474408117855, 1.185610106582731, 1.979976554382418]","[0.023807142, -1.6037697, 0.40396786, 1.158246, -2.11816, -2.2294414, -1.5329529, 0.005119536, 1.3773484, 1.6341146]","(100, 20)",0.0001,"[0.1582619547843933, -0.9648197889328003, 1.0513641834259033, 0.8484184145927429, -1.0828537940979004, -2.1392595767974854, -1.8813607692718506, 0.17122191190719604, 1.438452959060669, 1.487799882888794]"
36,"[-0.6109003502778931, -1.1962871269208912, -1.9284712114416345, -0.8369365861790452, 0.6752890852409565, 0.3457813541320848, -0.32961489457060145, -1.457281927215059, -2.0157293730145973, 0.548955056985752]","[0.9683359675440837, -1.2523806508717925, -0.46222267078553825, -1.1407892844643492, 0.20684378218145572, 0.7695112757989007, -0.13569491261770178, -0.34594422406940983, -1.0383340400186083, -0.9692546161280777]","[0.39402875, -1.3018708, -1.136942, -1.2562283, 0.14170867, 0.31182042, -0.6512347, -0.7356466, -0.88657063, -1.021473]","(100, 20)",0.0001,"[1.071982741355896, -0.9246506094932556, -0.5834240913391113, -1.1289105415344238, 0.5268541574478149, 0.5714077949523926, -0.356536865234375, -0.445547878742218, -0.9225605130195618, -1.0702192783355713]"
99,"[0.8573606561197087, 2.6652747225376228, 2.553801771180517, 0.32072359499827585, -0.3090027839208697, -0.5610798974268356, -1.999372983436337, -0.9593340330067425, -1.5437940233328593, -1.4610008393222689]","[-0.5237227771837908, 1.2423107816756107, 1.6509003690145843, 1.1761509544540445, -0.5929358290867147, 0.06798005801411941, -0.5236989517273575, -1.5293754609461963, 0.1929094815284939, -1.494472345243014]","[-1.0619498, 1.5388143, 2.125462, 1.3454083, -1.1366401, -0.45401195, -1.4719718, -2.1260226, -0.6750408, -1.0542153]","(100, 20)",0.0001,"[-0.20187687873840332, 1.3202815055847168, 1.778748869895935, 1.0830830335617065, -0.39279934763908386, 0.01205897331237793, -0.4833683371543884, -1.4581806659698486, 0.16945457458496094, -1.23931884765625]"
66,"[-0.8265169580268706, -1.396541205475884, -0.9167166386413339, -1.5898361819775375, -1.0119721880242576, 0.02266458331775667, -1.046561352298553, -1.9815628641834506, -0.8337163979212412, 0.7585149439450467]","[0.05720858463476161, -0.8765536989084113, -0.7143457387701293, -0.19403583118479645, -1.152910978028756, -0.05343773886079706, 0.2991108041423098, -1.0943189718632684, -1.1086778366038765, 0.19069191502484023]","[0.033071306, -0.77974236, -1.0678188, -0.87025106, -1.0946465, -0.6132319, 0.30066872, -0.99269533, -0.75656754, 0.8218054]","(100, 20)",0.0001,"[0.03934425115585327, -0.8625696301460266, -0.5371286869049072, -0.108315110206604, -0.9026942849159241, 0.008922666311264038, 0.35315436124801636, -0.997633159160614, -1.0020294189453125, 0.24371302127838135]"
60,"[0.9526084233240861, 0.08244639626527595, 0.7032575939323291, 0.9462779478182216, -1.4780112925573055, -0.929984919829518, 0.30529261319500667, 0.7760026384822799, 0.49816301967014687, -0.9583953158693476]","[1.3741617108420967, -0.10197888305325103, -0.18363411825886006, 0.6623081591159171, 0.3771236888239907, -1.7332503233342136, 0.26824740574224776, 0.45503369913798986, 0.42305677351256993, 0.04595024281397678]","[0.7558796, 0.32469967, -0.09703018, 0.7603904, 0.52565014, -1.4206525, 0.41986963, 0.66285324, 0.49704435, 0.049497142]","(100, 20)",0.0001,"[1.4353009462356567, -0.15151913464069366, -0.08369271457195282, 0.6106674671173096, 0.4822750687599182, -1.4534199237823486, 0.019579574465751648, 0.6741350889205933, 0.3625641465187073, 0.008539855480194092]"
68,"[-2.485083915460492, -2.5769433457135267, -0.5272650754224179, 0.8330953983588225, 0.437108669782632, -0.9249725933620062, -0.34223249638355, 0.46424143462466905, 2.0860737485258207, 2.2017187375229894]","[-0.920806031842633, -1.526533700044308, -1.0535306134650757, 0.6441007214302726, 0.6033397306646431, -0.08400564613481945, -0.9254552695463614, 0.3440349148445363, 0.3553302845357489, 1.645682212960798]","[-1.4574411, -1.4858849, -1.463051, 0.065805405, 1.230442, -0.117823794, -1.3363839, -0.0049121277, -0.15382378, 1.2171676]","(100, 20)",0.0001,"[-1.029028058052063, -1.468745231628418, -1.308903694152832, 0.08567721396684647, 0.8025758266448975, -0.19842219352722168, -0.8230677247047424, 0.0746360644698143, 0.4805598258972168, 1.7030538320541382]"
65,"[3.4335508773089245, 3.144454023541827, 0.841010547351804, -1.5892790549141784, -1.825150136671232, -1.909472434156661, -2.6573631781809595, -2.932104031235805, -2.411024914237837, -0.6711922413533821]","[1.5151364081203464, 1.8802918452584327, 1.021028113200215, -0.6121721803597657, -1.4539177785059043, -0.5947901337259934, -0.8917008019835884, -1.4290476026181418, -1.2573490421966076, -0.7783930590698255]","[1.3650874, 1.4892664, 1.2419943, 0.23887636, -1.2481538, -0.5147508, -0.5010392, -0.9331479, -1.1267132, -0.9676345]","(100, 20)",0.0001,"[1.7709137201309204, 1.16517972946167, 0.8369184732437134, -0.6709436178207397, -1.9570544958114624, -0.4679238498210907, -0.756023645401001, -1.192063570022583, -1.130076289176941, -0.8149033784866333]"
57,"[0.7691340464710884, 0.340600860179081, 0.8267172167726493, 0.6635427933439457, 0.6719199264570652, 0.6416426284352383, 0.8824718242536251, -0.2160054395044846, -0.8160575970590329, -1.6902358651616616]","[-0.5756662577300224, 1.055405343680052, -0.32285430653723707, 0.7543110797218349, 0.061480735402740516, 0.3729992154208097, 0.23000175569997783, 0.5088611179088792, -0.6585295025496603, -0.4274598617094892]","[-0.6345254, 0.7149058, 0.28500175, 1.1203322, 0.2759123, -0.14869219, -0.2831912, 0.38190508, -0.4396565, -1.1833565]","(100, 20)",0.0001,"[-0.6600501537322998, 1.1503294706344604, -0.8572924733161926, 1.1129074096679688, -0.18361856043338776, 0.52399080991745, 0.1982027143239975, 0.5719149708747864, -0.8625186085700989, -0.32582521438598633]"
98,"[0.656405584432002, -1.207656509505517, 0.5993212325163169, 0.583045848020239, -0.9246790935825699, -0.8244523844859435, 0.08045860789221096, 0.5647606216955552, 1.0008906723266189, -0.033911890927044164]","[0.8923803247908519, -0.27793087146404966, -1.1163081611446457, 1.1577458161061378, -0.004825251784283113, -0.9336506952898447, -0.18801392101180886, 0.33048519286749406, 0.3611302555609465, 0.6063882353062572]","[1.5802201, -0.02650236, -0.9589526, 1.1141711, 0.15555942, -1.4637588, 0.4799894, 0.9468899, 0.8956471, 0.9637522]","(100, 20)",0.0001,"[0.892811119556427, -0.5757865905761719, -1.1768474578857422, 1.0886059999465942, 0.21825389564037323, -0.9630995392799377, -0.10349659621715546, 0.3189982771873474, 0.48934561014175415, 0.6520840525627136]"
62,"[-0.38103550211399373, 2.3179132758350227, 1.9676456316651094, -0.6949430781875117, -0.015844449814724992, 0.7120288144408287, 1.6757146923382078, 0.37580041088353155, -1.5290659513724867, -2.3072879293107276]","[-1.744688659351071, 1.2471535252972688, 1.8626008171748005, 0.353764503248308, -1.469307034392041, 0.659530625591304, 0.45429834614353576, 1.0936652551552133, -0.6062988906752995, -1.3353803563069988]","[-2.7848601, 0.64300835, 2.2133102, 0.60267717, -0.9064857, 0.3371031, 0.6489236, 0.48693407, -1.2008471, -1.6100353]","(100, 20)",0.0001,"[-1.8688632249832153, 0.6503171920776367, 2.0251078605651855, 0.27053481340408325, -1.357433557510376, 0.6273595094680786, 0.5334460139274597, 1.3024860620498657, -0.4580897092819214, -1.3015577793121338]"
18,"[1.0769444597298259, 1.1508178764839934, 1.1314012156091628, 0.6194191172025649, 0.19605842238177193, -0.03716624271710068, 0.07530562557817477, 1.092841581901716, 1.1164179633444207, 0.13578519206867418]","[0.41171066642844345, 0.7917234444736889, 0.5156479293207514, 0.6743155056281468, 0.11438905252422041, 0.06183295656390688, -0.07086837975006545, 0.11045460674008721, 0.9610033282432078, 0.4104029711026541]","[0.19017011, 0.39200604, 0.9229642, 0.3360456, 0.21659088, 0.15741743, 0.4913747, 0.64752215, 0.92598855, 1.3231003]","(100, 20)",0.0001,"[0.4247259795665741, 0.9323264360427856, 0.6182604432106018, 0.843820333480835, 0.055239349603652954, -0.19590994715690613, -0.191341370344162, -0.03778815269470215, 1.2208443880081177, 0.48389723896980286]"
87,"[-3.453753699772272, -0.6902689726117852, -1.0857188978948584, -0.3239988130660879, 0.5905938518679926, 2.061073845904555, 0.8168329171895543, 0.22593668313470427, 0.21798706491249104, 1.2783242143974283]","[-1.8022103491570092, -1.6097914364143477, 1.0149319977792417, -1.2856660102395105, 0.5795685454379274, 0.34585818559036463, 1.5551414207643361, -0.5044691646472182, 0.22517395321554473, 0.035896662600314065]","[-0.9789864, -0.7637918, 0.8436885, -0.5557571, -0.06324535, 2.8992689, 1.8403639, 0.24396901, -0.10411747, 0.931294]","(100, 20)",0.0001,"[-1.724344253540039, -1.7076890468597412, 0.7795988321304321, -1.3525969982147217, 0.7677582502365112, 0.10576391965150833, 1.8030436038970947, -0.3898240327835083, 0.47043925523757935, -0.11429625004529953]"
88,"[0.22461653339957438, 1.318030320057857, -0.08611223501594023, -0.8058442094657586, -0.7336720484304529, 0.6393652633056603, 0.027561054269627294, -0.4087066917385706, 0.8341597633245745, -0.9843083475757248]","[0.059508107983914926, 0.44608082237362123, 0.9203936706406568, -0.7494356389401792, -0.6735762468474761, -0.27730938406646954, 0.81701791440226, -0.3374823881910079, -0.4044963071451972, 0.8262553595289646]","[-0.70200396, 1.2016566, 0.74485654, -0.7970007, -0.7382604, -0.40984827, 1.1533035, -0.18419465, -0.17056613, 0.9044978]","(100, 20)",0.0001,"[0.008427351713180542, 0.5194558501243591, 0.9761863946914673, -1.0243395566940308, 0.020979583263397217, -0.4977935552597046, 0.586930513381958, -0.7082833051681519, 0.048211634159088135, 1.3587559461593628]"
50,"[-1.1074164950471894, -1.667247989755705, 0.19933135239435407, 2.6694384717533595, 0.5175092354803723, -3.05929763846666, -2.1261798332655144, -1.5593888249869532, -0.17739849212898062, -0.0876300162353374]","[-1.294546947388063, -0.2366074011232765, -1.0893862651554058, 1.1065212951102417, 2.1352692745849344, -1.098365869404041, -2.7679909538095013, -0.07843375261235108, -0.6458314688944395, 0.5954661030718742]","[-1.5116613, -0.17981589, -0.6759174, 0.57254165, 2.4744625, -1.1187772, -3.2599676, -0.15737024, -0.5126456, -0.2569372]","(100, 20)",0.0001,"[-1.4768699407577515, -0.09035919606685638, -1.0235729217529297, 0.8032712936401367, 2.2273435592651367, -0.8732796311378479, -2.829299211502075, -0.31012171506881714, -0.5756851434707642, 0.6950390338897705]"
53,"[0.8606487645789926, -0.698624895079477, 0.3247693823306157, 0.2561256273314433, -1.4423109666184164, -1.363886937991038, 0.4991661019370947, 1.0112286877495094, 1.585008755485581, 0.21626299717768338]","[0.265048813981524, 0.6058523685828807, -0.9881464763454507, 0.836135192472873, -0.20599253751573976, -1.1845666400974775, -0.42464511278309747, 0.7537517913534417, 0.4249861728300906, 1.052846266692532]","[-0.018073652, 0.5875661, -0.9131357, 0.28216392, -0.2688692, -1.1095679, -0.7365995, 0.554491, 0.08177431, 0.6815313]","(100, 20)",0.0001,"[0.15917804837226868, 0.5798324346542358, -0.9344406127929688, 0.6741093397140503, -0.1346190869808197, -1.1830600500106812, -0.4500006139278412, 0.7474631071090698, 0.4697258770465851, 0.9782812595367432]"
74,"[-0.5623526981463747, 0.37797869313613547, 0.4125857230772335, -0.8539702986625579, 0.6425177323652328, 1.4567042111346191, 1.2699117989303987, -0.32059603873438003, -0.461653773125066, -0.21328967629013376]","[-1.2582413578482918, 0.1224011293247797, 0.41680326594617195, 0.11208656175378301, -0.8937070488638184, 1.1141285326329493, 0.6956856716248452, 0.5043533337631896, -0.7777646173862667, -0.02969801603906072]","[-0.76664126, -0.36840916, 1.1616735, 0.43038043, -1.049708, 0.8046886, 0.83659965, 0.82433677, -0.50157917, -0.531518]","(100, 20)",0.0001,"[-1.0956653356552124, 0.1171875, 0.5290226936340332, 0.22272229194641113, -0.8316889405250549, 1.213392734527588, 0.6493082046508789, 0.5808306932449341, -0.8293966054916382, 0.01306617259979248]"
59,"[0.49104831094266865, -0.8048544390998214, -0.024775232916586676, 0.6952599203292249, 1.9603310146283763, 1.547732630353295, 0.6385240670328055, 0.6746580949314387, 0.3768624967118318, -1.8612362572169527]","[0.21564556269787982, 0.48258472432970934, -1.0545777689306586, 0.5001076048076871, 0.49991969488722765, 1.356045771336491, 0.41113479833921684, 0.03542376410098558, 0.5012348021240183, 0.06843656086329597]","[0.24330342, 0.20696102, -0.99722135, 0.78757054, 0.8322738, 1.2668616, 0.51980823, -0.048009828, 0.6695555, 0.18524173]","(100, 20)",0.0001,"[0.20936554670333862, 0.5393040776252747, -0.9685801267623901, 0.5306134819984436, 0.46325647830963135, 1.116817831993103, 0.2942948341369629, 0.07544076442718506, 0.4775237441062927, 0.052581191062927246]"
97,"[-1.5808474741224197, -1.2290528862580499, 1.346181297541957, 1.1976573512813244, 0.3366372538547029, -0.6307799657498392, 0.1618084638687156, 0.2954837610351196, -0.2282927930042342, -0.06259748933095696]","[-1.3072190919593178, -0.6144420136412341, -0.6147636498709492, 1.604485879098393, 0.11279911608266413, 0.10107224793906075, -0.5985218387333011, 0.5006276466427595, 0.002299344963838046, -0.25580989896429795]","[-1.965727, -1.2481968, -0.49611363, 1.3009906, 0.48534164, 0.53481364, -0.6295059, 0.5792781, 0.41138652, 0.20029943]","(100, 20)",0.0001,"[-1.311173439025879, -0.5919992923736572, -0.4632944166660309, 1.9171744585037231, 0.020557016134262085, -0.055197447538375854, -0.508844256401062, 0.5250629186630249, -0.013377636671066284, -0.25540199875831604]"
16,"[0.5152276739766124, 0.144524383745533, -1.0183953636576761, -1.9749354802841095, -1.5787766719451315, 0.25751307478105334, -0.44708157882728417, -0.674185560798419, -1.6529463550583572, -2.02131055789495]","[-0.8583976402402906, 1.3774064495382785, -0.5847352605394027, -0.8830946506783885, -1.1174226432332677, -0.44745242976660327, 0.7383639017610241, -0.9334105354152977, -0.2710717964871895, -1.178468882387489]","[-0.7962002, 1.3619108, -0.70371085, -1.3965132, -0.43194658, 0.29153478, 0.80080837, -0.95639867, -0.3535996, -0.6283564]","(100, 20)",0.0001,"[-1.0002727508544922, 1.2430996894836426, -0.5892845988273621, -0.796853244304657, -1.1029009819030762, -0.36608463525772095, 0.909406304359436, -0.8464228510856628, -0.2325766682624817, -1.2150347232818604]"
84,"[1.7657596647186145, 0.80593265424549, -0.49099348239789453, -0.6131802149332892, -0.8930455165630119, 0.3785499607319385, -0.9713944955957852, -1.5850208204140368, -1.3141875053091447, 0.4742749949797309]","[1.186890127143106, 0.7626990371791288, 0.16356557756298848, -0.5892751786860989, -0.16233802216755255, -0.6732721299334608, 0.8039957134275276, -1.3924917347720884, -0.5540909492948075, -0.7321475276292586]","[1.1531618, 0.43939114, 0.51408815, -0.31662858, -0.36672416, -0.6835468, 0.819997, -1.6333632, -1.4813852, -0.85539]","(100, 20)",0.0001,"[1.0891597270965576, 0.6595031023025513, 0.07066327333450317, -0.578942060470581, -0.26418033242225647, -0.4643298089504242, 0.8830690383911133, -0.9547935128211975, -0.8635588884353638, -0.8042221069335938]"
39,"[-0.12378478423108075, 0.9491369505089282, 0.6007481699702958, -0.820814645641097, -1.45030813379365, -1.3368299005403044, -0.17220820268879794, 0.5880687080090562, -0.20713407563941955, -1.009909872293798]","[-0.832666583476078, 0.42770203432716575, 0.6580917841876694, 0.031719628191549665, -0.824801739006804, -0.6957426515276418, -0.488116887008025, 0.3578405252384085, 0.4027835460810094, -0.4476025217243036]","[-0.5290436, 0.41077802, 0.42938274, 0.11167881, -0.56963307, -0.57782996, -0.33512858, 0.548287, 0.19265991, -0.33520046]","(100, 20)",0.0001,"[-0.9052144885063171, 0.4246692657470703, 0.5179373621940613, 0.20057743787765503, -0.7598024010658264, -0.7530660033226013, -0.6513007283210754, 0.2711433172225952, 0.23445719480514526, -0.27257028222084045]"
70,"[1.1041198434913908, 2.498722261475809, 0.7070132528875621, -0.37924950941900215, 1.2425046147542027, 2.703513984021721, 1.785425395293896, -0.8307463292078725, -0.7578664514622202, 0.023382765994171464]","[0.8786424198696614, 0.33478203389821926, 1.8273816203124826, -0.6856174928807318, -0.16250260829634372, 1.424434009811171, 1.3099280986311845, 0.44909152869548147, -1.218472463750676, 0.1545445996148111]","[0.2767906, 0.2848768, 1.66118, -0.16208766, -0.24033818, 1.1693194, 1.0913447, 0.3108902, -0.88806593, -0.8557998]","(100, 20)",0.0001,"[0.8252794742584229, 0.27108311653137207, 1.8105932474136353, -0.21225740015506744, 0.13379737734794617, 1.193839192390442, 1.4728385210037231, 0.33255279064178467, -1.2016806602478027, 0.08476008474826813]"
47,"[-1.7111665383308072, -1.3271955440327867, -0.8947412509936394, 0.5082325191167953, 1.644393493709316, -0.3910509437959291, -0.09076708797623323, 0.1277131193985414, -0.8578829534384619, 1.2438912514993927]","[-0.7075626131111338, -1.2383178570726858, -0.1879116397094991, -0.3629981844961583, 0.8383072300057273, 0.9557272921926754, -1.18814758271568, 0.536378732735726, -0.09622450215876613, -0.7452347905709074]","[-0.104064584, -0.88537353, -0.011758922, 0.044301882, 0.6188302, 1.2104648, -0.7000622, 0.7399452, 0.19752567, 0.2077559]","(100, 20)",0.0001,"[-0.4086247384548187, -1.3316466808319092, 0.07526639103889465, -0.5617237091064453, 0.870161771774292, 0.9137105941772461, -0.9558700323104858, 0.5033395290374756, -0.09537038207054138, -0.7969801425933838]"
31,"[-0.2961286904765348, -0.6336096511314683, 1.0251329346676603, 0.8600392488685231, -0.11189223653348883, 0.11324071608822323, 0.9080759866243711, 0.41638558378421137, -0.27700348089556404, 1.2447834539866645]","[-0.2675527565511763, 0.14081538538077193, -0.5111042131831873, 1.2299881853266874, 0.02953512813434328, -0.34266110255930393, 0.24639982567742574, 0.6614592380133695, -0.12217859366885916, -0.3091535097272483]","[-0.26953286, -0.19744846, -0.484062, 1.3819915, 0.034937944, -0.90021044, -0.27349207, -0.058185365, -0.37680274, 0.01475079]","(100, 20)",0.0001,"[-0.251109778881073, 0.18996413052082062, -0.4719963073730469, 1.261330246925354, -0.12991999089717865, -0.46594834327697754, 0.2207757979631424, 0.34220027923583984, -0.2626299262046814, -0.3580002188682556]"
42,"[-0.06858052528652114, -1.9751580636656185, -2.034305230401492, -1.3042183002903787, -1.4179465516388512, -1.0646669975907521, 1.5073995488094774, 2.3797839958092455, 0.4982002654262605, -0.0017346807961412525]","[-0.2685296916570912, 0.06565911700708743, -1.7805182446042767, -0.620154080523933, -0.430433475726515, -0.7865157529926733, -0.29746694733672163, 1.726179760459198, 1.0658877579052197, -0.5575728371188139]","[-0.66306216, 0.33740488, -1.8622624, -1.4164149, -0.84787834, -0.71922255, -0.29286122, 1.3714055, 1.3054442, -0.16366915]","(100, 20)",0.0001,"[-0.4236343502998352, 0.2797255516052246, -1.372438669204712, -0.7708200216293335, -0.5804362893104553, -0.921298086643219, -0.3949350118637085, 1.5262620449066162, 1.0996181964874268, -0.7835221290588379]"
100,"[2.1864307920249866, 2.0639327647448313, 0.10103989620108295, -0.32115888400398673, 0.6268021476008949, -0.07151195867502458, 0.8386928412588855, 1.8947658704269013, 1.32160338274791, 1.6006802152055026]","[0.40413855309139735, 1.953445488017461, 0.7179691403751606, -0.6667820147469078, -0.1333805803407202, 0.6821207065404713, -0.41946660234941846, 0.8798187858087745, 1.2210536006323212, 0.3325845428825374]","[0.24871981, 1.882179, 1.0192218, -1.0749792, -0.41690558, 0.82644194, -0.6928999, 0.32026446, 0.93729544, 0.4134386]","(100, 20)",0.0001,"[0.4204295873641968, 1.8094836473464966, 0.3462066650390625, -0.6610110402107239, -0.07402397692203522, 0.6800687909126282, -0.37365859746932983, 0.882250964641571, 0.9145148396492004, 0.3330007791519165]"
17,"[1.9776637326387456, 2.2808021325809653, 2.317044702502045, -0.7175141667587497, -2.1281041285195292, -0.8441584517729043, 1.7475194681679131, 1.3316694908239595, -1.3700210622760884, -1.811697341144787]","[1.15621837366736, 0.6947561257992716, 1.1927028959871777, 0.9360993838789222, -1.5657279368223858, -0.9571450476631093, 0.19501390206199848, 1.6099732102125246, 0.015507159274605442, -1.4957714910122084]","[1.7389754, 1.4565191, 1.4619964, 1.6486214, -0.44845372, -0.81201226, 1.1392448, 1.1755509, 0.21551058, -0.58509785]","(100, 20)",0.0001,"[1.2887855768203735, 0.7442476749420166, 1.009994626045227, 0.8566293716430664, -1.5318615436553955, -1.231563925743103, 0.31963008642196655, 1.4680969715118408, 0.3247780501842499, -1.5131950378417969]"
23,"[-0.9623806480473136, -1.6709087756701242, -0.27783964327840793, -0.9500816447829181, -1.8826477468168035, -1.8395970086951476, -1.2454507077305115, 0.5701247373579653, 3.578944774899174, 2.747911711687151]","[0.2244577908873982, -0.7196011912342515, -0.8955135844193178, 0.6235868422247685, -0.9838691673736364, -0.986085573160205, -0.6569630704548068, -0.2732891378092062, 0.9986625784850635, 2.608809980961243]","[-0.23655102, -0.44075862, -0.7047682, 0.5993174, -1.0089878, -1.3547102, -1.0377666, -0.52081925, 0.3158409, 1.2212119]","(100, 20)",0.0001,"[0.2407611906528473, -0.8048276901245117, -0.9772341251373291, 0.641775369644165, -1.0651779174804688, -1.059036374092102, -0.8303273916244507, -0.189486563205719, 0.9655740261077881, 2.004882335662842]"
89,"[1.1097467982772344, 2.7494568229333805, 2.793437258117477, 1.2762010586136605, 0.3916148593513883, 0.9368139977123908, 1.0682075952905798, -0.2573166031314196, -0.2766141739103809, 1.5269399600003974]","[-0.10581003768029901, 1.0505671574021462, 1.856714072215273, 1.298035347620126, 0.2289947538284659, 0.14169663145539801, 0.7648113663301488, 0.48769676132575124, -0.594918776472785, 0.08985147297675905]","[-0.487205, 1.0960478, 0.8994452, 0.8356246, 0.32854432, -0.507848, 0.038541615, -0.1659568, -0.7414268, 0.07079227]","(100, 20)",0.0001,"[0.08299530297517776, 1.0296627283096313, 1.8964787721633911, 1.4711456298828125, 0.027682529762387276, -0.0038904123939573765, 0.7486765384674072, 0.5477780103683472, -0.6928464770317078, -0.13022927939891815]"
58,"[-1.1360804360825063, -2.3528033865031404, -1.9444738901971435, -0.3170785714627838, 0.2701104409570658, 0.5509030547183833, -0.37519938614217074, -0.22247583389512038, 0.902296877008832, 1.680020654510379]","[-0.6361283294126752, -0.625676667944752, -1.73625832465699, -0.6454829527459034, 0.2508216102358795, 0.10380203200990953, 0.42100217670091283, -0.6234307543027503, 0.16459994030907102, 0.790045942156635]","[-1.1262715, -0.6662782, -1.1602241, -0.9902009, 0.54287636, 1.2064543, 0.7020098, 0.21078803, 0.67005736, 0.77180505]","(100, 20)",0.0001,"[-0.7105095386505127, -0.6492180824279785, -1.7384357452392578, -0.7013038396835327, 0.07769301533699036, 0.13701501488685608, 0.5401667356491089, -0.9345914125442505, 0.1462363302707672, 0.8653764724731445]"
46,"[2.8137127642240065, -0.047749592330057045, -1.0955737735196776, -1.5325422459220963, -1.482447853598284, 1.7497486260458175, 3.2227051311515513, 2.045243991798609, -0.2059593156666384, -0.19616392221062062]","[1.8063910322005396, 1.2675300095921107, -0.8734477870623591, -0.5143099795303956, -0.9233883551294418, -0.7295207187488943, 1.9743232848418615, 1.6748745802955267, 0.6237602432474267, -0.6188095755384327]","[0.95441717, 1.2416469, -0.8146639, -0.62440294, -0.9873221, -0.55088395, 1.4403747, 1.2566695, 0.961951, -1.1585313]","(100, 20)",0.0001,"[1.864315152168274, 1.254271149635315, -0.868493914604187, -0.5526031255722046, -0.9971185922622681, -0.7212690114974976, 2.281588077545166, 1.5285621881484985, 1.00542151927948, -0.829553484916687]"
30,"[3.6797197203677383, 2.6841988295801826, -1.355879757919341, -0.9314851555473704, 1.8615556975115024, 2.590151730329535, 1.4312375358488243, 0.6150920298430339, 0.27271521074882693, -0.30257438887931704]","[2.2680611852882304, 1.5951686431382428, 0.7361818187895564, -2.2575495106620993, 0.4052039180531669, 1.7588772214002821, 1.0941676434344587, 0.1085513784256289, 0.09262857065560362, 0.030194813684087607]","[1.3999233, 1.4410579, 1.0847843, -1.9037677, 0.080840185, 0.77998537, 0.76889646, 0.5457524, 0.5169121, 0.016152699]","(100, 20)",0.0001,"[1.9682152271270752, 1.7735905647277832, 1.0880591869354248, -2.1829588413238525, 0.5123812556266785, 1.5165421962738037, 1.1320197582244873, 0.32323187589645386, 0.11936777830123901, 0.025682389736175537]"
80,"[-0.5613858153862623, -0.790461367838833, -1.0409663342353854, -0.5568659070484537, -0.5045889880848211, -2.70230625342549, -1.7096012135254275, 0.5860291433465896, 0.6817901070537535, 0.15430797407978392]","[0.6363220474618163, -0.8645520134456111, -0.3095009946551404, -0.6585187137915112, -0.13651727063264638, -0.31122469173855755, -2.3493995326556125, -0.1597158145916665, 0.894719307719815, 0.035749952343454544]","[1.060458, -0.81990385, 0.10234603, 0.019463327, 0.46826848, 0.40937302, -0.9230773, 0.13471739, 1.0935304, 0.9973506]","(100, 20)",0.0001,"[0.7204095125198364, -0.6819882392883301, -0.29064488410949707, -0.7416962385177612, 0.046056970953941345, -0.2882789373397827, -2.179947853088379, 0.04939565062522888, 0.7346528768539429, 0.4765079915523529]"
96,"[-1.2741581362232641, -0.735933208541081, 0.27360876414691276, 0.4293168106664177, 1.612928681231648, 2.462793050964408, 1.3723185701398026, 2.5126341570302753, 3.22601166774103, 1.4886932623391762]","[0.11799775594943539, -1.2075134725782466, 0.21385354773059628, 0.341746202979504, 0.17023055633874418, 1.3331805680571835, 1.2734274174631564, 0.05595113927482165, 2.009168069022067, 1.4511184734249842]","[-0.32961947, -0.79961056, 0.14998388, 0.1489739, -0.41820976, 1.2020319, 0.71560735, -0.01842843, 1.1334367, 0.89111525]","(100, 20)",0.0001,"[0.22919854521751404, -1.3574079275131226, 0.09031161665916443, 0.6507990956306458, 0.23331651091575623, 1.1766115427017212, 1.1420379877090454, -0.04290524497628212, 1.6720815896987915, 1.3113819360733032]"
44,"[-0.5056082778797509, -2.0875265911689587, -1.0587424355010804, -0.5779309381379442, -0.9511686886023605, 1.2944907615656183, 0.7781956316766037, -0.40165013354457113, -0.7305511989994586, -1.953595362675893]","[0.9066305753276187, -1.2208049025557077, -1.2468554217892578, 0.05879457631193885, -0.286279940474635, -0.5946582446676293, 1.6193754456781262, -0.26924933359039405, -0.4311392618636101, -0.3794094168242722]","[0.7808517, -1.385238, -1.1395856, 0.15724787, -0.5837096, -0.86871004, 1.9264872, -0.580353, 0.26376346, -0.66390043]","(100, 20)",0.0001,"[0.8544571995735168, -0.719931423664093, -1.6323167085647583, 0.39376530051231384, 0.08543737977743149, -0.42405059933662415, 1.4458634853363037, 0.02108898013830185, -0.38302209973335266, -0.20259395241737366]"
85,"[0.783565604740575, -0.23128560047596272, 1.245591134008775, 0.5255730375733589, 0.13670485802958854, 1.2243003148685252, 0.5537325694994476, 0.5876690299764378, -0.9171186822264674, -0.23122972465852398]","[1.0985822030911276, -0.5842846584485951, -0.4573238499806719, 1.027557065453414, -0.41843868959040853, 0.03851074924451521, 0.8576307313823676, -0.24453221281735993, 0.38278879153859535, -1.2341201754144588]","[1.2965935, -0.17584032, -0.58822966, -0.29502484, -0.8619586, -0.70454204, -0.097025394, -0.5284399, 0.006451942, -0.09102337]","(100, 20)",0.0001,"[1.38631272315979, -0.46344369649887085, -0.5253137946128845, 0.9782692790031433, -0.5459356904029846, 0.12128990888595581, 0.777652382850647, -0.4136279225349426, 0.351651132106781, -1.2767765522003174]"
79,"[0.3212783034069509, 0.925336215464605, 1.413339881835395, 0.8285967290848415, -0.5435592959054865, -0.056201819171468714, 1.8646355226437261, 1.9385548012576812, 0.9224280275059789, -0.15752934733504564]","[-0.020878058423054457, 0.19950127322554992, 0.6804373654007313, 0.8080295945869903, 0.09370426836403178, -0.778587356622797, 0.31549022700204754, 1.618593968940023, 0.7463948658918663, 0.024758083858246627]","[-0.2944116, -0.00955774, 0.08721341, 0.14517003, -0.09566276, -0.47956216, 0.09918545, 0.77482617, -0.16231121, 0.05319733]","(100, 20)",0.0001,"[-0.17659522593021393, 0.2966378331184387, 0.8391975164413452, 0.8583124279975891, 0.1302880346775055, -0.8648579716682434, 0.3461769223213196, 1.8771893978118896, 0.7632101774215698, -0.03436674177646637]"
93,"[0.20159081728108763, -0.832456530206572, -2.34844928464669, -2.406744084546449, -0.626592421845463, -0.004427805454655487, -0.28116451627828387, -0.6482656161166611, -1.5171044233122044, -3.143487794109255]","[0.5954249532237216, -0.21354165076582518, -0.6627042493876932, -1.685362054882427, -1.1050245878980953, 0.23664105145732423, -0.08846207415968618, -0.23876621574969573, -0.42130628729381814, -1.0991910913735237]","[0.7502826, 0.07559154, -0.53083676, -1.6655097, -1.1177528, 0.60245556, 0.61185586, 0.25396186, -0.14898197, -0.7814072]","(100, 20)",0.0001,"[0.3464994728565216, -0.268006294965744, -0.7619421482086182, -1.7305967807769775, -1.0841336250305176, 0.4624986946582794, 0.15912118554115295, -0.29402992129325867, -0.36885616183280945, -1.0986599922180176]"
29,"[-0.3838494298390033, -0.8209339735103687, -0.29288624789992923, -0.0011933479864128516, -0.21558756453364483, -0.17361018908784606, 1.3877131053933396, 2.1533300994088713, 0.6818409273858781, 0.9164525058305746]","[-0.6444171644610273, 0.13447758068931143, -0.7806610982419293, 0.28706017607370293, -0.09075704283374032, -0.1596847561180243, -0.040781529788172274, 1.3872118209596178, 1.0713009098534554, -0.3327560731435372]","[-0.8934193, -0.41632032, -0.65178776, -0.03761758, -0.16399, -0.073207796, 0.13519947, 1.220835, 0.81679314, 0.09652807]","(100, 20)",0.0001,"[-0.6138831377029419, 0.2086416780948639, -0.7037380933761597, 0.2612520754337311, 0.09910669922828674, -0.12691065669059753, 0.1183231770992279, 1.3458356857299805, 1.2565948963165283, -0.5368584394454956]"
40,"[-0.36836396144562705, 0.06519317265661737, 1.635751843033155, 2.449605719636047, 1.5483543694146185, -0.8292807918568593, -0.32969365633440273, 1.8825053392083313, 2.7088104746043307, 1.0906967238931284]","[-0.5812837481657427, 0.22622470869326852, 0.04428450723364387, 1.476297710315528, 1.1850672466890688, 0.2890987898963857, -1.2818477360149774, 0.48834838423199606, 1.5959226711074035, 1.3083240769033426]","[-0.034691475, 0.38007456, 0.37540627, 0.9088262, 0.62712824, 0.08549884, -1.3470424, 0.18176089, 0.8101785, 0.5810158]","(100, 20)",0.0001,"[-0.619240939617157, 0.2650872468948364, -0.05892819166183472, 1.4438941478729248, 1.2171783447265625, 0.4894493818283081, -1.2436765432357788, 0.5257025361061096, 1.5094263553619385, 1.349478006362915]"
91,"[-1.1289669884288405, -0.3500837920234936, 0.3588623852690576, 0.6709128788251884, -0.7690741376259973, -0.999432036295885, -1.3230171276914775, 1.9302983069410935, 2.4770209522318285, -1.8142838600653524]","[-0.775770751971134, -0.6065385172397775, 0.13701538166390853, 0.2903648290306509, 0.4316252102192558, -1.0308934678187849, -0.3367104231584969, -0.9317240756548857, 2.4234286094631643, 0.9257261525761055]","[-1.1666113, -0.8824913, 0.17069523, 0.42808706, -0.14221375, -1.4066765, -0.90495825, -0.81405926, 1.1153455, 0.5794894]","(100, 20)",0.0001,"[-0.8646577596664429, -0.5820434093475342, 0.19976744055747986, 0.35438236594200134, 0.3830174505710602, -1.164313793182373, -0.28542113304138184, -0.9558732509613037, 2.3695244789123535, 0.7855771780014038]"
95,"[-1.8408205377327054, -0.03628414253457146, 0.47017977591069965, -2.5357434101446676, -2.625633797650085, -2.178204033737437, -0.8323780526776967, 1.887831065411457, 0.7018165890233634, -1.0450361336430805]","[-0.4618821121901112, -1.0395328573791636, 0.8195158570944779, 0.10628075772980713, -2.414362865290848, -0.7737494337793162, -1.0161757374005664, 0.1748565831494701, 1.8147812270343127, -0.545007247874711]","[-0.23975839, -1.1176668, 0.2300517, -0.10785733, -1.0546992, -1.3723018, -0.8436246, 0.20856942, 1.8660222, -1.0022067]","(100, 20)",0.0001,"[-0.5571780204772949, -1.1109305620193481, 1.2720314264297485, -0.3257724344730377, -1.8496252298355103, -1.1639825105667114, -0.8775560855865479, -0.008818656206130981, 1.8962818384170532, -0.5320169925689697]"
26,"[-2.137207159941018, -1.548716462312171, -0.4097235362139258, 0.09950230877584003, 0.3047697198963778, 0.3717224578572047, -1.0782700431902128, -0.9204881218738453, -2.2284802823007532, 1.6278903209138331]","[-0.4861948869418209, -1.6747748324901752, -0.3388976887566597, -0.030604275962867848, 0.10036356040111934, 0.22428353168040532, 0.1922866168927584, -1.1309777880958556, -0.1564593294543259, -1.848637428119343]","[-0.5937103, -1.6152556, -0.50414175, 0.35920423, 0.36929372, 0.59205776, 0.041973304, -1.2835466, -0.4580707, -1.5181804]","(100, 20)",0.0001,"[-1.1745569705963135, -2.1970367431640625, -0.6075989603996277, 0.3843226730823517, 0.09599761664867401, 0.12619738280773163, 0.1054183691740036, -0.817626416683197, -0.14305146038532257, -1.6381571292877197]"
1,"[-0.44777366358533155, -0.10574035166322028, 0.3966155421575484, 1.0972745116866522, 2.027988567456552, 1.1397070686752993, -2.2610192634955197, -2.39598013703586, -0.3067146415432615, 0.40023086770772087]","[-0.6517749351028537, 0.05570744060299265, 0.04692113129593227, 0.3338012596564423, 0.7193609829655765, 1.2220258705473943, 0.04261022892670707, -2.28727430412175, -0.6544276550725592, 0.7127537782023876]","[-0.21656063, 0.5886921, 0.16097, 0.5650666, 1.1751286, 1.3110864, 0.5079653, -0.7501815, -0.9132452, 0.8756916]","(100, 20)",0.0001,"[-0.6351250410079956, -0.10789693892002106, -0.022794455289840698, 0.6605039834976196, 0.823005199432373, 1.2891899347305298, -0.09252887964248657, -2.5704591274261475, -0.5714537501335144, 0.6829237937927246]"
43,"[0.2356787515456633, -1.4567976706763466, -0.6717081563961931, 0.7491927737602012, 1.8401161990665307, 1.2543654619093307, 0.4236550841755755, -0.2638848934160358, -1.8015295186173412, -1.6143054619232844]","[0.8936651462706593, -0.35428310521891593, -1.2792447708010775, 0.2924188003402609, 0.7753355251372487, 1.1856339835696068, 0.16920222594357437, -0.03971924540200142, -0.35274677496824924, -1.4550040843801564]","[0.9511352, -0.5988781, -1.1832589, -0.056998458, 0.45061707, 0.54881173, 0.054984868, -0.5166581, -0.91375315, -2.0836523]","(100, 20)",0.0001,"[0.9473615288734436, -0.6587676405906677, -1.221275806427002, 0.3502575755119324, 0.7793555855751038, 1.1902408599853516, 0.2516863942146301, 0.0012462735176086426, -0.4320906400680542, -1.4621286392211914]"
49,"[2.14139299167754, 0.737526324612608, -2.695596445213911, -2.1341644105411124, 0.6657921220924975, 1.325673640268029, 0.9371901206099983, 1.7274604421408803, 1.7147301263003336, 0.6381771095028151]","[0.8043065297415501, 1.339578816588556, -0.27351603354553244, -2.4876942727937057, -0.16550447102988075, 1.365076830518114, 0.37386154485964773, 0.18461263564298191, 1.2797484316356507, 0.7093535349504643]","[0.16141893, 0.7222861, -0.79352605, -1.2780377, -0.30331627, 1.5378573, 0.9653935, 0.12194248, 1.3738762, 0.56509554]","(100, 20)",0.0001,"[0.687143087387085, 1.2127116918563843, -0.3435896933078766, -2.0773072242736816, -0.31246092915534973, 1.354867935180664, 0.8886734247207642, 0.22774001955986023, 1.2602640390396118, 0.7029149532318115]"
56,"[1.1277697917032894, -0.6167016375988958, -2.2454707975740966, -1.7216037819454042, -0.2057979258287624, -0.6431066014382045, -0.994871653897775, 0.13107371707070214, 0.08136512881196556, -0.40860584270981265]","[1.4932332608778274, -0.150463460764925, -0.7908307717024965, -1.5521188273399953, -0.3400935963009949, 0.4056070116704839, -0.6943650738109282, -0.45114814296391403, 0.5635647929141253, -0.19104600176558528]","[1.810345, -0.26493502, -1.1266102, -0.91622925, 0.11538845, 0.9524199, -0.6039026, -0.36217546, 1.1632537, 0.1198961]","(100, 20)",0.0001,"[1.7434535026550293, -0.4269154369831085, -0.8700904846191406, -1.5166655778884888, -0.2987199127674103, 0.28623247146606445, -0.47076156735420227, -0.6590460538864136, 0.6932076215744019, -0.28201672434806824]"
69,"[-0.16234568459449816, -0.2936882445415183, -2.30238624114441, -1.693834438789145, 0.2620232653263378, 2.012165567982864, -0.002596373005707031, -0.5044192760117522, 0.890082937014962, 1.8203041144753023]","[0.5385776662108148, -0.46650508119117584, -0.07899953776277174, -1.9313838199637776, -0.2643454384148036, 0.8215413260874809, 1.4770759721704934, -1.0280614726260329, -0.16448201764334838, 0.985673251451728]","[-0.49430892, -1.3430213, -0.18566726, -1.9518958, -1.0588813, 0.33598745, 1.4806364, -2.0575402, -1.3867663, 0.5375024]","(100, 20)",0.0001,"[0.5478658080101013, -0.6648684740066528, 0.05552973970770836, -2.070431709289551, -0.26476383209228516, 0.8861703872680664, 1.4024473428726196, -1.3353439569473267, -0.021762926131486893, 0.9343402981758118]"
25,"[1.080499510070525, 2.050462369521346, 1.1660135123636166, -0.11025214627619051, -0.8275167082373214, 0.29475418043174917, 0.8726591148291903, 1.0289695655039972, 1.7528068465108266, 2.38007842498586]","[1.3557094121154218, -0.029052082760492114, 1.4487197992881773, -0.11672111130061173, -0.5354971590562556, -0.5782910634753321, 0.4994290497599201, 0.3641437075200891, 0.4366384867742703, 1.080570249910165]","[2.06529, 0.26315716, 1.3166833, 0.3377388, -0.88683146, -0.49587804, 0.5761062, 0.4598591, 1.0443859, 1.4758178]","(100, 20)",0.0001,"[1.4633159637451172, 0.13305598497390747, 1.5527164936065674, -0.15136125683784485, -0.4434683620929718, -0.6771335601806641, 1.0055325031280518, 0.39296579360961914, 0.756057620048523, 1.0269278287887573]"
21,"[-0.12209518045912171, -0.49232190219066185, 0.273603898841564, 0.07303147537178839, -0.8278595447446644, 0.4218687285241316, 0.2656092206333669, -1.8561907060811473, -2.323855822887737, -0.9278921284749352]","[0.309076314729203, -0.2195393520084889, -0.3812980755430391, 0.539285732720239, -0.2519429758366988, -0.6769613656945447, 0.8711247282766478, -0.2565838212055188, -1.6806943896841169, -1.063221542863338]","[0.27577582, 0.076508194, -0.43996146, -0.18969736, -0.732454, -0.6176511, 0.6827377, -0.4008775, -1.3804008, -0.99597126]","(100, 20)",0.0001,"[0.35799360275268555, -0.20881187915802002, -0.4664645195007324, 0.4090299606323242, -0.27451634407043457, -0.9926439523696899, 0.8229696750640869, -0.3033345937728882, -1.9408594369888306, -0.9859236478805542]"
22,"[0.9349710626244665, -1.0079803653464618, -2.2617010906704964, -2.5296775664849687, -2.1989700420724487, 1.0566217251543857, 2.9441932554597017, 1.7987345947809725, 0.7229064106424254, -0.22990473319400817]","[1.25453235837858, 0.014749311865891623, -1.1410156452591436, -1.2848419400531206, -1.1166197126919637, -0.815918663790528, 1.8205489464359506, 1.6397190297125892, 0.16227139366632637, 0.057118419912651486]","[1.2107611, 0.9318398, -0.19238082, -0.48392352, -0.853661, -1.1004283, 0.722629, 1.5191412, 1.1427438, 0.85976106]","(100, 20)",0.0001,"[1.3341877460479736, 0.07014760375022888, -1.1284562349319458, -1.069685697555542, -0.8089473843574524, -0.7082853317260742, 1.5432262420654297, 1.8783468008041382, 0.16309455037117004, 0.051936596632003784]"
81,"[-0.5811029134529359, 0.4310004762787655, 0.6375594550160434, -0.18088458138817717, 0.11779146978495952, 1.0227561550962823, 0.8887016571627435, 0.16692453209748487, 1.3827431017558145, 2.904046528960264]","[0.3470502248439199, -0.6592954249529045, 0.7647819224540866, 0.13046455552225478, -0.3059316162751318, 0.30868707300795944, 0.7327524622666131, 0.2992586424709113, -0.08338426004829055, 1.280910272231706]","[-0.41762352, -1.2836626, 0.9658463, -0.8302784, -0.4137882, -0.3404241, 0.31436765, -0.414348, -0.39851016, 1.0101469]","(100, 20)",0.0001,"[0.3130905330181122, -0.6661864519119263, 0.7328207492828369, 0.08527442812919617, -0.3465743362903595, 0.1713533103466034, 0.7586021423339844, 0.1874578893184662, -0.22286388278007507, 1.248928189277649]"
2,"[1.117955292270915, -0.5518213055246787, -1.8093663247008356, 0.6038570961881811, 1.7866471785563718, 0.9735819005629688, 0.6416274664424011, 0.07042582739030706, -0.18387678254019418, 0.10128451690205971]","[-0.15190238044804588, 0.7659522135638509, -1.072386933316684, -1.0744224425185178, 1.4336095495722059, 0.9164614728284376, 0.008543820411639369, 0.26321959674785445, -0.220215743433735, -0.1110277713613747]","[0.46534684, 1.0601351, -0.8898937, -1.4712738, 0.88839877, 1.0180504, 0.6503913, 0.7552971, 0.101511426, -0.9257405]","(100, 20)",0.0001,"[-0.05589891970157623, 0.6087875962257385, -1.0969431400299072, -1.1402262449264526, 1.2223414182662964, 0.9269818067550659, 0.06262935698032379, -0.02927844412624836, -0.45189201831817627, -0.19612707197666168]"
12,"[-0.5665367880497909, 1.1403017394872068, 0.5746923468504876, 0.19917871632039397, -0.8406831135469511, -0.4668181337551374, 0.8656601854278306, 1.6994210696335283, 1.9761560482455671, -0.2601532368493624]","[-0.6552178588330226, -1.0754161454658124, 0.88872359417815, -0.32318943759694696, 0.0771691632617108, -0.9377159372687809, -0.04722541582874329, 1.0564842318919352, 1.217031975648915, 1.4448222296643551]","[0.17353863, -0.02345058, 0.677075, -0.6444366, 0.28894225, -0.90372366, 0.7337179, -0.23103064, 0.5734345, 0.962425]","(100, 20)",0.0001,"[-0.2725653052330017, -0.377185583114624, 1.0236828327178955, -0.4117632508277893, 0.6518673896789551, -0.8549305200576782, 0.1567346155643463, 0.4837792217731476, 0.9421395659446716, 0.9029539823532104]"
14,"[0.5056551689111879, 1.2698229884982295, 1.8669604770978578, 2.0663476828423546, 0.21897598581297573, -0.9528005740642272, -0.41287904739377845, 1.4393575748899095, 0.9622441119074492, 1.907505078818939]","[-0.4947411292379962, 0.47585247742695347, 0.7074911634457628, 0.9508549250653081, 0.8752020117567811, -0.8486568578278808, -0.7429827043526088, 0.04827931331820043, 1.2949362878404205, -0.14636257777654219]","[-1.3006972, 0.26271152, 1.1437734, 1.2213026, 0.6029375, -1.5112174, -0.87627685, -0.47633645, 0.81313604, -1.251134]","(100, 20)",0.0001,"[-0.390500009059906, 0.3391738533973694, 0.5193080306053162, 0.8250754475593567, 0.6088429093360901, -0.6429792642593384, -0.9272490739822388, 0.41080641746520996, 1.0959618091583252, -0.02018699049949646]"
9,"[2.3564076519401875, 0.08026659789866364, -1.0184116336690976, 0.7731049242622018, 0.6259768819617235, -0.6362086120037269, -0.8481798523509172, -0.3844170283470339, -1.0025075425906094, -0.23450906292930995]","[1.0584677748745865, 1.4923364644895074, -1.122379125530209, -0.5800851157283371, 1.1937421032747406, -0.0587094857950714, -0.7418996495193355, -0.3315131943632784, 0.01481959941752048, -0.7975415094585725]","[1.2909319, 1.7763022, -0.6556, -0.18860699, 1.3531452, -0.06041116, -0.5534447, 0.43864295, 0.56587183, -0.9412329]","(100, 20)",0.0001,"[1.1446640491485596, 1.582932472229004, -1.4433515071868896, -0.03753727674484253, 1.0872583389282227, 0.09986978769302368, -0.8297279477119446, -0.17843610048294067, -0.11076793074607849, -0.47970765829086304]"
6,"[0.8053994409555097, 0.8856414169249209, 0.4943224239362206, 1.7995936753740582, 1.7673214780165216, 0.6334584440749447, 1.8001778240967057, 0.22129878296870098, -1.9224282693789516, -2.283598234786646]","[1.1541817622813373, 0.2807387092682082, 0.46523209611150285, 0.006601158550245179, 1.508667362001863, 0.48087861746867305, -0.12263519189960348, 1.5264063471995881, -0.9426060082884425, -1.4269595839989013]","[0.4026296, 0.97588545, -0.1780205, -0.43135878, 1.0365258, 0.49367434, -0.50661516, 1.7880819, -1.3564233, -1.9473133]","(100, 20)",0.0001,"[0.3206508159637451, 0.5768992304801941, 0.3144502639770508, 0.13021497428417206, 1.460062861442566, 0.42507481575012207, -0.09904696047306061, 1.5364497900009155, -0.8139708042144775, -1.6759122610092163]"
8,"[-0.1459271072689517, -0.39088531478562016, -0.38063486707447913, 0.08866428006592048, -1.0456591362723784, -1.7036151373825725, -2.0873723395931476, -0.6757411489484053, 0.29169593142698025, 0.310696188212238]","[-0.015614548888712346, -0.17930241728441143, -0.22761894314239356, -0.1423756201094709, 0.22756952080638015, -1.042264924958457, -0.7809983559804295, -1.0972750195506125, 0.37338283435370234, 0.23196248206572362]","[-0.48790756, -0.68599975, -0.13732934, -0.10605506, 0.92095315, -0.9312391, -1.394335, -1.4442803, 0.18577272, 0.43149784]","(100, 20)",0.0001,"[0.056063175201416016, -0.2931194305419922, -0.23852992057800293, -0.19516319036483765, 0.6295087337493896, -1.1170506477355957, -0.5456991791725159, -0.9969692230224609, -0.15189141035079956, 0.3029078245162964]"
5,"[0.21598835098125613, -0.9042088904919257, -1.8090137817402674, -1.4089284280220933, 0.3948796173719372, 1.6563896397729863, 1.8222513045715725, 0.7513808381041238, 0.21509180691047064, 0.15812087009887799]","[0.6154961027418473, -0.3136113145208274, -0.7307070251506027, -1.0857750595565672, -0.36710350527703484, 0.8477930583916522, 1.0360080052873832, 0.789544442201129, -0.10497680024123651, 0.03850099257814123]","[0.87549144, -0.39340854, -0.50581306, -0.7942426, -0.48547548, 0.74924535, 0.6522052, 0.77091575, -0.2744484, -0.17104834]","(100, 20)",0.0001,"[0.7145040035247803, -0.2675396203994751, -0.8515871167182922, -0.9866766333580017, -0.35290929675102234, 0.9235254526138306, 1.0883299112319946, 0.8618612289428711, -0.25478899478912354, 0.02095070481300354]"
13,"[1.4793128611023205, 0.591042788834431, 0.3477782217475577, -0.806349611187325, -0.9062769035464382, 0.05592871077716732, 0.20916445777627946, -1.3139142763056653, -2.753412723668258, -2.3515827973302845]","[1.3635882169568572, 0.39423311404428263, 0.20574807607111406, 0.17493091898897392, -0.8586789619121079, -0.2716499920384438, 0.28654826499884917, 0.0058682254100157205, -1.217918064350229, -1.7062703604296439]","[1.0716835, 0.61915183, -0.16182914, 0.16051409, -0.53877836, 0.08869737, 0.037148602, -0.032831613, -1.1577647, -0.948302]","(100, 20)",0.0001,"[1.3158860206604004, 0.2731695771217346, 0.017035312950611115, 0.04357520490884781, -0.8058987855911255, -0.23451140522956848, 0.17442765831947327, -0.02132251113653183, -1.1645439863204956, -1.6696851253509521]"
7,"[-1.7962881168495544, -1.2732067659801491, 0.8889886203523798, 2.951012883596368, 1.2646958340563796, -0.3323120601885993, 0.0903106840418626, -0.13735260074694355, -0.9151583016949827, -1.3520889193794698]","[-1.6979879477709359, -0.7454477828226362, -0.32550058573588914, 1.3184102921595218, 1.873940559885067, -0.5083924541333209, -0.4523972732705274, 0.3736915045606189, -0.31349366034903536, -0.6613341613526174]","[-0.39835575, -1.1449649, -0.14247452, 1.2527529, 1.3016281, -0.3406931, -0.80975735, -0.32543823, -0.087921254, -1.0071476]","(100, 20)",0.0001,"[-1.4925662279129028, -1.0747333765029907, -0.16172409057617188, 1.2418054342269897, 1.6215962171554565, -0.3538197875022888, -0.8163520097732544, 0.48422062397003174, -0.5254108905792236, -0.6100046634674072]"
3,"[-0.8002904057913294, 1.0290506471787033, 0.44813717880772275, -0.652453653396722, 0.3549254962682892, 0.049329357131917106, -0.3098622573180623, 0.18935398431869174, 1.87114900921887, 1.0091447266623186]","[-1.2886888740179439, 0.24135002740936684, 1.0501278132602478, -0.2650083470348724, -0.60846182803119, 0.7142783634173533, -0.3112934914780493, -0.17610509252682344, 0.31681727730139553, 1.4903414300850981]","[-1.3385926, -0.18687144, 1.1797321, 0.4450081, -1.0746082, 0.66506267, 0.25691625, -0.7284682, 0.6457985, 1.7904757]","(100, 20)",0.0001,"[-1.234893798828125, 0.03732439875602722, 1.1119343042373657, -0.3661096692085266, -0.7124077677726746, 0.6383837461471558, -0.36851438879966736, -0.20588575303554535, 0.44843006134033203, 1.420777440071106]"
4,"[2.067124107644449, 2.5686384206666197, 1.548636252558472, -1.8934739577779094, -3.0603493921538383, -1.5460546475415136, 1.6060580025500382, 1.0334052925338875, 0.1531615255673301, -0.9281370649952224]","[-0.6934151274067015, 2.3776218608914856, 0.7741830899995773, 0.39638627014989797, -2.2678525613482488, -1.313844146790367, -0.027479017244205872, 1.8765519382502425, -0.2656102028889591, -0.04167564425486342]","[-1.2527273, 2.6468005, 1.9756417, 0.23603027, -2.0528355, -1.2116112, 0.2298824, 2.3824036, -0.27339065, -0.111070246]","(100, 20)",0.0001,"[-0.5714408159255981, 2.3755106925964355, 1.0822787284851074, 0.5795632600784302, -2.0807080268859863, -1.0951515436172485, 0.08784231543540955, 2.0973691940307617, -0.029108434915542603, 0.03766337037086487]"
11,"[1.220552242568979, 0.6384145957159848, -0.7898802092302276, -2.361363135025176, 0.13285202098126514, -0.1970077243723518, -0.0760779511015095, 0.10149436886419005, -0.7202119635367813, 0.23930190935999962]","[0.6584036722912792, 0.7042699585827898, -0.013599429780694006, -0.8429349598808948, -1.5579635437804682, 1.3253469069215842, -0.7607175107982964, 0.2957255648479219, -0.016401575231870434, -0.6518739329097704]","[0.8233421, 1.2292094, -0.19620118, -0.8884132, -2.0230045, 0.62921935, -0.21318541, 0.18341725, 0.1355952, -0.4439627]","(100, 20)",0.0001,"[0.668007493019104, 0.6348965764045715, 0.16909825801849365, -0.9712492227554321, -1.635783314704895, 1.366862416267395, -0.6884207129478455, 0.06514132022857666, 0.026629507541656494, -0.8348060846328735]"
10,"[0.9540683597246074, -1.4948819926179446, -2.085307280897278, -0.7357640837443896, 0.02099719610477871, -0.884042384348172, -1.1848339102345966, 0.9365599434162426, 0.9505495460881257, 0.7274982660519955]","[0.5160140247648068, 0.4698219345082759, -1.6626851620029504, -0.8958887084647407, 0.034380426488848315, 0.02966052934251042, -0.8313061040998451, -0.5600361804564857, 1.2627679725088021, 0.10868386380064404]","[0.774384, 0.57073814, -1.8244165, -1.4394274, 0.07403125, 0.95494294, -0.6987718, -0.64386916, 0.9433407, 0.73079574]","(100, 20)",0.0001,"[0.5476183891296387, 0.35048484802246094, -1.572336196899414, -0.9266797304153442, -0.1396225541830063, 0.15628528594970703, -0.8811419010162354, -0.45003435015678406, 1.4460341930389404, 0.0787675529718399]"
