seed,True,ARMA,Informer,Informer_para,RNN
10,"[0.9540683597246074, -1.4948819926179446, -2.085307280897278, -0.7357640837443896, 0.02099719610477871, -0.884042384348172, -1.1848339102345966, 0.9365599434162426, 0.9505495460881257, 0.7274982660519955]","[0.5160140247731227, 0.4698219346155802, -1.6626851617311078, -0.8958887084506679, 0.034380451783094526, 0.029660520399586464, -0.8313060684154416, -0.560036189085042, 1.262767972798376, 0.10868386386915335]","[0.304466, 0.6533288, -0.018639164, -0.309522, 1.9778343, 0.13011533, -0.1356106, -0.3574847, -0.6551887, -1.6080642]","(20, 10)","[0.6641402244567871, 0.3958827555179596, -1.5060207843780518, -1.017319917678833, 0.3170452415943146, 0.049489885568618774, -0.8676750659942627, -0.4959619343280792, 1.2639882564544678, 0.46550777554512024]"
11,"[1.220552242568979, 0.6384145957159848, -0.7898802092302276, -2.361363135025176, 0.13285202098126514, -0.1970077243723518, -0.0760779511015095, 0.10149436886419005, -0.7202119635367813, 0.23930190935999962]","[0.6584036722915957, 0.7042699586403753, -0.013599429820747355, -0.8429349595133945, -1.557963541843201, 1.3253469065237589, -0.7607175115321947, 0.29572556441407294, -0.016401575639171696, -0.6518739329681402]","[0.8173727, 0.12780194, 1.0458269, -1.0059268, 0.15347876, 0.18901719, 0.044540375, -0.49033785, -0.43181708, 0.42108637]","(50, 20)","[0.4609455168247223, 0.6881060600280762, 0.1433863341808319, -0.9377741813659668, -1.4889750480651855, 0.9477040767669678, -0.7696261405944824, 0.36345234513282776, -0.14807608723640442, -0.561160683631897]"
12,"[-0.5665367880497909, 1.1403017394872068, 0.5746923468504876, 0.19917871632039397, -0.8406831135469511, -0.4668181337551374, 0.8656601854278306, 1.6994210696335283, 1.9761560482455671, -0.2601532368493624]","[-0.6552178564926008, -1.0754161435222391, 0.8887236018379531, -0.32318945103735863, 0.07716916507855973, -0.9377159414402353, -0.047225420219999925, 1.056484230039498, 1.217031982279558, 1.4448222338058871]","[-0.30417675, 0.088760905, 1.6869237, 0.5271625, 0.23261675, 0.14731084, 0.14059609, 1.1361346, 0.9980765, 1.0767474]","(100, 50)","[-0.15084926784038544, -0.3909190893173218, 1.1318563222885132, -0.5453858375549316, 0.3418514132499695, -0.913090705871582, 0.14570489525794983, 0.816926121711731, 0.9358559846878052, 0.9863567352294922]"
5,"[0.21598835098125613, -0.9042088904919257, -1.8090137817402674, -1.4089284280220933, 0.3948796173719372, 1.6563896397729863, 1.8222513045715725, 0.7513808381041238, 0.21509180691047064, 0.15812087009887799]","[0.6154961040654792, -0.31361131505578466, -0.7307070251974528, -1.0857750589181832, -0.36710350519461815, 0.8477930584035641, 1.0360080052506724, 0.7895444423858454, -0.1049768002943458, 0.038500992446528354]","[-0.16868556, -0.9016852, -1.0545901, -0.61175406, -0.77999216, -0.7090164, -0.91005135, -0.6492544, -0.6146515, 0.014377814]","(10, 5)","[0.6233372092247009, -0.359264999628067, -0.7144508957862854, -1.0360318422317505, -0.3497590124607086, 0.6850363612174988, 1.1126643419265747, 0.7523841857910156, -0.21199432015419006, -0.09805892407894135]"
9,"[2.3564076519401875, 0.08026659789866364, -1.0184116336690976, 0.7731049242622018, 0.6259768819617235, -0.6362086120037269, -0.8481798523509172, -0.3844170283470339, -1.0025075425906094, -0.23450906292930995]","[1.0584677749084845, 1.4923364629495177, -1.1223791256262403, -0.5800851156079625, 1.1937421033041675, -0.05870948609462234, -0.7418996492529861, -0.33151319434978577, 0.014819599342840828, -0.7975415099994837]","[-0.6568006, 0.4176655, -0.041270383, 0.56312525, -0.5248197, -0.5634185, -0.13809332, -0.8860045, -1.7301327, -0.73925686]","(50, 20)","[1.0785421133041382, 1.5045595169067383, -1.151084065437317, -0.24357381463050842, 0.9331141710281372, 0.030014634132385254, -0.8653645515441895, -0.31894126534461975, -0.037182897329330444, -0.6379939317703247]"
16,"[0.5152276739766124, 0.144524383745533, -1.0183953636576761, -1.9749354802841095, -1.5787766719451315, 0.25751307478105334, -0.44708157882728417, -0.674185560798419, -1.6529463550583572, -2.02131055789495]","[-0.8583976402402906, 1.3774064495382785, -0.5847352605394027, -0.8830946506783885, -1.1174226432332677, -0.44745242976660327, 0.7383639017610241, -0.9334105354152977, -0.2710717964871895, -1.178468882387489]","[0.22078736, 0.959471, -0.95950156, -0.28394347, -0.5551788, 0.15899365, 0.6237815, -0.9896262, -0.72800815, -0.8190111]","(100, 50)","[-1.0025231838226318, 1.1009786128997803, -0.4818516969680786, -0.8675481081008911, -1.0489712953567505, -0.3675956726074219, 0.6987332105636597, -0.8588422536849976, -0.19259655475616455, -1.1084227561950684]"
3,"[-0.8002904057913294, 1.0290506471787033, 0.44813717880772275, -0.652453653396722, 0.3549254962682892, 0.049329357131917106, -0.3098622573180623, 0.18935398431869174, 1.87114900921887, 1.0091447266623186]","[-1.288688874165073, 0.24135002759695756, 1.050127813782555, -0.26500834700924103, -0.6084618279444167, 0.7142783590437012, -0.3112934905856374, -0.17610509346227812, 0.3168172785010679, 1.4903414279495588]","[0.26969334, 0.08724451, -1.0824542, -1.772968, -0.029940331, 0.98548824, 0.85439223, 0.7550547, 0.52820665, -0.27029967]","(20, 10)","[-0.8330656886100769, 0.2541959285736084, 1.4684484004974365, -0.2973565459251404, -0.8024327754974365, 0.7916989922523499, -0.2805907726287842, -0.2575127184391022, 0.44676926732063293, 1.4260181188583374]"
18,"[1.0769444597298259, 1.1508178764839934, 1.1314012156091628, 0.6194191172025649, 0.19605842238177193, -0.03716624271710068, 0.07530562557817477, 1.092841581901716, 1.1164179633444207, 0.13578519206867418]","[0.41171066642844345, 0.7917234444736889, 0.5156479293207514, 0.6743155056281468, 0.11438905252422041, 0.06183295656390688, -0.07086837975006545, 0.11045460674008721, 0.9610033282432078, 0.4104029711026541]","[-0.12260396, 0.48065126, 0.5649991, 0.8179528, 0.2273081, -0.0769291, -0.10637551, -0.14871716, 0.50056416, 0.3809993]","(100, 50)","[0.4239266514778137, 0.9379438161849976, 0.5975059866905212, 0.6988803744316101, 0.027024373412132263, -0.020200327038764954, -0.19155152142047882, 0.09345351159572601, 1.0797598361968994, 0.43328481912612915]"
8,"[-0.1459271072689517, -0.39088531478562016, -0.38063486707447913, 0.08866428006592048, -1.0456591362723784, -1.7036151373825725, -2.0873723395931476, -0.6757411489484053, 0.29169593142698025, 0.310696188212238]","[-0.015614548885959284, -0.17930241728693855, -0.22761894312108888, -0.14237562011392393, 0.22756952081084586, -1.0422649249242992, -0.7809983568373905, -1.0972750190664575, 0.37338283470407546, 0.2319624816921601]","[0.95939165, 0.7352218, 1.7233334, 0.55588996, -0.12540036, 0.92054373, 0.030209154, -0.75431377, 0.5959114, 0.8609589]","(50, 20)","[0.1225331723690033, -0.49136847257614136, -0.34309127926826477, -0.29964569211006165, 0.9047914147377014, -0.7181627750396729, -0.7533109188079834, -1.0304315090179443, 0.17334292829036713, 0.4796062409877777]"
13,"[1.4793128611023205, 0.591042788834431, 0.3477782217475577, -0.806349611187325, -0.9062769035464382, 0.05592871077716732, 0.20916445777627946, -1.3139142763056653, -2.753412723668258, -2.3515827973302845]","[1.3635882168875346, 0.3942331140362484, 0.20574807636866554, 0.17493091904918706, -0.8586789616708443, -0.27164999200548573, 0.2865482652514925, 0.005868225338836977, -1.2179180645490086, -1.7062703601758853]","[-0.43701628, -0.3051217, -0.51264215, -0.5154594, -0.1731471, -0.28939992, 1.3658761, 1.6090136, 0.90299654, 0.5678607]","(20, 10)","[1.4533287286758423, 0.12267209589481354, 0.26748377084732056, -0.011532075703144073, -0.935797929763794, -0.25507664680480957, 0.3160816431045532, 0.08637292683124542, -1.3998737335205078, -1.3175811767578125]"
25,"[1.080499510070525, 2.050462369521346, 1.1660135123636166, -0.11025214627619051, -0.8275167082373214, 0.29475418043174917, 0.8726591148291903, 1.0289695655039972, 1.7528068465108266, 2.38007842498586]","[1.3557094121154218, -0.029052082760492114, 1.4487197992881773, -0.11672111130061173, -0.5354971590562556, -0.5782910634753321, 0.4994290497599201, 0.3641437075200891, 0.4366384867742703, 1.080570249910165]","[1.8761524, 1.6369139, 0.65005994, -0.9416401, -1.3113517, -0.5861777, 0.18995056, 0.5561639, -0.36231673, -0.48716757]","(50, 20)","[1.5243417024612427, 0.05110581964254379, 1.4992085695266724, -0.14083853363990784, -0.3478361666202545, -0.5109859704971313, 0.8498057126998901, 0.5896323323249817, 0.5433869957923889, 1.1380586624145508]"
29,"[-0.3838494298390033, -0.8209339735103687, -0.29288624789992923, -0.0011933479864128516, -0.21558756453364483, -0.17361018908784606, 1.3877131053933396, 2.1533300994088713, 0.6818409273858781, 0.9164525058305746]","[-0.6444171644610273, 0.13447758068931143, -0.7806610982419293, 0.28706017607370293, -0.09075704283374032, -0.1596847561180243, -0.040781529788172274, 1.3872118209596178, 1.0713009098534554, -0.3327560731435372]","[-0.87198955, 1.3215243, -1.0491997, -0.9652502, -0.09457582, 1.2841548, 0.6822645, -0.08111489, -0.25845376, -0.59732705]","(10, 5)","[-0.6068753004074097, 0.12876883149147034, -0.674568772315979, 0.278463751077652, -0.11111101508140564, -0.13040289282798767, -0.027252644300460815, 1.4410241842269897, 1.1034857034683228, -0.46711239218711853]"
2,"[1.117955292270915, -0.5518213055246787, -1.8093663247008356, 0.6038570961881811, 1.7866471785563718, 0.9735819005629688, 0.6416274664424011, 0.07042582739030706, -0.18387678254019418, 0.10128451690205971]","[-0.15190238044804588, 0.7659522135638509, -1.072386933316684, -1.0744224425185178, 1.4336095495722059, 0.9164614728284376, 0.008543820411639369, 0.26321959674785445, -0.220215743433735, -0.1110277713613747]","[0.70109427, 1.1528502, -0.31336224, -1.1637149, 1.405128, 1.6433464, 0.6427664, 0.44670504, 0.48841035, 0.11396836]","(100, 50)","[-0.44478774070739746, 0.5512266755104065, -1.4083765745162964, -0.8636654019355774, 1.3442087173461914, 1.0747617483139038, -0.17744652926921844, 0.035969629883766174, -0.6654878258705139, -0.1087615042924881]"
31,"[-0.2961286904765348, -0.6336096511314683, 1.0251329346676603, 0.8600392488685231, -0.11189223653348883, 0.11324071608822323, 0.9080759866243711, 0.41638558378421137, -0.27700348089556404, 1.2447834539866645]","[-0.2675527565511763, 0.14081538538077193, -0.5111042131831873, 1.2299881853266874, 0.02953512813434328, -0.34266110255930393, 0.24639982567742574, 0.6614592380133695, -0.12217859366885916, -0.3091535097272483]","[-0.090109065, -0.48226562, 0.8645401, -1.1677897, -0.96163493, -1.326992, -0.4414909, 1.3530512, 0.9161935, -0.4635117]","(20, 10)","[-0.21468131244182587, 0.33589786291122437, -0.544552743434906, 1.1993904113769531, -0.03155849874019623, -0.1504690796136856, 0.2271440178155899, 0.5145789980888367, -0.1352141946554184, -0.171866312623024]"
37,"[-0.7320107824784348, -1.334873221862436, -2.830270727999395, -2.171825700352501, -1.1699072417331753, -0.9083298934746911, -0.6531089742269618, 0.1716358428829503, 1.420182219659508, 1.505674042252934]","[-0.2849852189966668, -0.35861985091764303, -0.8806465714714965, -1.890026218090886, -0.4361124282922968, -0.27270422992457616, -0.39270457695089495, -0.1858217861825478, 0.42599914559381785, 1.1052115673516234]","[-0.40558836, -1.4618903, 0.4431348, -0.13209288, -0.8572787, 0.3245639, 1.5245004, -1.6718277, -1.5147951, -0.40144804]","(20, 10)","[-0.283343106508255, -0.4058123230934143, -1.0032069683074951, -1.7771449089050293, -0.5637813210487366, -0.4874986410140991, -0.44838303327560425, -0.19296586513519287, 0.469841867685318, 1.0736294984817505]"
32,"[0.8919009554410655, 0.3430863057232868, -0.8331640162756686, 0.1995299285292902, -0.014756781712837341, -1.0446170315563479, -1.2185155412428688, 0.4021040272206776, 1.4225012729638218, 1.6394346542640252]","[1.0708670034446492, 0.045295010274625847, 0.036398345282579986, -0.8345627505280107, 0.6962977496251458, -0.31022366103126625, -0.7965547436988627, -0.4934608776172075, 0.8607952962631814, 0.8267061308885637]","[0.5984241, -0.8328309, -1.0115063, -0.39420703, 0.2698429, -0.9586928, 0.04667767, 0.68237865, -1.5774956, -0.3668037]","(20, 10)","[1.2147667407989502, 0.06438097357749939, 0.22200974822044373, -0.8647501468658447, 0.9014636278152466, -0.26761627197265625, -0.7547396421432495, -0.4423205852508545, 1.1687341928482056, 0.7840395569801331]"
36,"[-0.6109003502778931, -1.1962871269208912, -1.9284712114416345, -0.8369365861790452, 0.6752890852409565, 0.3457813541320848, -0.32961489457060145, -1.457281927215059, -2.0157293730145973, 0.548955056985752]","[0.9683359675440837, -1.2523806508717925, -0.46222267078553825, -1.1407892844643492, 0.20684378218145572, 0.7695112757989007, -0.13569491261770178, -0.34594422406940983, -1.0383340400186083, -0.9692546161280777]","[-0.16994275, -0.76055366, -0.65869707, -1.1959931, -0.17123035, 0.2826354, 0.22658803, -0.14882989, 0.32746732, -0.09876707]","(20, 10)","[1.0151536464691162, -1.0838541984558105, -0.7400943040847778, -1.0755139589309692, 0.38428524136543274, 0.6025845408439636, -0.07481944561004639, -0.5548686981201172, -1.148377537727356, -0.929828405380249]"
35,"[-2.223263267222157, -1.989672094441333, -1.4150748145182186, -0.8212655795011936, -2.2398976210908645, -1.2718568869535694, -1.2471422397079532, -1.0991395277809057, 0.5467537183927864, 3.2757550208821042]","[-1.9144632940380246, -0.7639407053218537, -1.238570229864068, -0.529077880442324, -0.32577066316975745, -1.8783025112917457, -0.000433897763948754, -0.9843454054413512, -0.4741984905064158, 0.9173528528918783]","[0.057384454, 0.39973077, -0.9192854, -0.06726285, -0.9208447, -1.1546222, 1.8982278, 2.184092, -1.2772344, -1.1965175]","(20, 10)","[-1.7669885158538818, -0.8243444561958313, -1.1349494457244873, -0.4562457203865051, -0.3905718922615051, -1.806018590927124, 0.007733061909675598, -1.0670554637908936, -0.3895462155342102, 0.8569421172142029]"
41,"[2.018166804797763, 0.26567622443363115, -0.9204996471380374, -1.0915786321448933, 0.09451775061611134, 0.31135675102023463, 0.4124258015615632, 0.7819182881710262, -0.06601750429049408, -1.0093415460830055]","[1.3271865845436988, 1.2637801358482263, -0.7674561660939057, -0.6235334352226714, -0.488289478427516, 0.5594706422834119, 0.056972220227878165, 0.2554370233052855, 0.48493978378309466, -0.4451383881420275]","[-1.9648178, -1.4702004, -0.23229672, -0.73860157, -0.32818958, -0.6584113, -0.94487715, -0.95047355, -1.1159893, 0.12876666]","(50, 20)","[1.5761840343475342, 1.211039662361145, -0.8401095867156982, -0.7795131206512451, -0.4714477062225342, 0.6550856232643127, -0.0797116756439209, 0.14720392227172852, 0.34473633766174316, -0.4709665775299072]"
45,"[0.5610074140434663, 0.07980465943690218, 0.08375326997131953, -0.1536627707201625, 0.3873411031695232, -0.20519217119133598, -1.9417602214778804, -1.8477082741216246, -1.4307904140148686, -1.9630829509448933]","[1.0861440913332656, -0.31647042640092227, -0.004349801620014679, 0.054657302485993035, -0.1873097324360513, 0.4693622841719014, -0.45946978178284836, -1.6122679932926256, -0.6190646262716197, -0.5685556187308674]","[0.687392, -0.10938726, -0.7560128, -0.07379005, -0.47101507, -0.004777035, -0.6669846, -1.6623836, -1.2236993, -1.3133819]","(100, 50)","[1.0745000839233398, -0.40163373947143555, 0.08788806945085526, -0.1032947227358818, -0.1211429163813591, 0.3051690459251404, -0.25128960609436035, -1.730440378189087, -0.6434061527252197, -0.5771406888961792]"
38,"[-1.5664670941876349, 0.15243834229327857, 0.983753246404777, -0.5436373409011893, 0.8970963991631993, -0.0952211032098027, 0.27406666345592756, 0.8660951032587624, -0.13081336499192697, 0.48545526971877406]","[-0.6373852795937724, -0.9784189595233136, 0.821556512225144, 0.43617073684744645, -0.873206321370453, 1.4038207890260077, -0.9518759750416105, 0.7639177766981835, 0.394300715376916, -0.4594376747909504]","[0.8084022, 1.1803247, -0.22319663, -1.6093085, -2.0028946, -1.8203641, -0.49553376, 1.7449186, 1.8563, 0.5963122]","(50, 20)","[-0.5608381032943726, -0.836031973361969, 0.9643480181694031, 0.5683336853981018, -0.8894280195236206, 1.3752801418304443, -0.83812016248703, 0.7256634831428528, 0.5244207978248596, -0.49087321758270264]"
46,"[2.8137127642240065, -0.047749592330057045, -1.0955737735196776, -1.5325422459220963, -1.482447853598284, 1.7497486260458175, 3.2227051311515513, 2.045243991798609, -0.2059593156666384, -0.19616392221062062]","[1.8063910322005396, 1.2675300095921107, -0.8734477870623591, -0.5143099795303956, -0.9233883551294418, -0.7295207187488943, 1.9743232848418615, 1.6748745802955267, 0.6237602432474267, -0.6188095755384327]","[0.05651245, -0.37349477, 0.11224894, -1.341123, -0.34248158, -0.75046504, -0.2067176, 0.32726857, -0.077070385, 1.0071273]","(50, 20)","[1.8085408210754395, 1.234681248664856, -0.7518824934959412, -0.5631693005561829, -0.8305951356887817, -0.5989509224891663, 2.1344096660614014, 1.5538450479507446, 0.5768313407897949, -0.39712342619895935]"
22,"[0.9349710626244665, -1.0079803653464618, -2.2617010906704964, -2.5296775664849687, -2.1989700420724487, 1.0566217251543857, 2.9441932554597017, 1.7987345947809725, 0.7229064106424254, -0.22990473319400817]","[1.25453235837858, 0.014749311865891623, -1.1410156452591436, -1.2848419400531206, -1.1166197126919637, -0.815918663790528, 1.8205489464359506, 1.6397190297125892, 0.16227139366632637, 0.057118419912651486]","[1.2244673, 0.6717764, -0.3215975, -0.59909487, -1.0367948, -0.6932983, 1.7190263, 1.9763439, 0.86592233, 0.22425786]","(100, 50)","[1.3649619817733765, -0.07543307542800903, -1.2720924615859985, -1.007114291191101, -1.0540128946304321, -0.9059242010116577, 1.632408857345581, 1.7012038230895996, -0.1274128258228302, -0.23420479893684387]"
19,"[-0.7112980372260169, 0.5369460039820787, -0.2239064927329748, -0.6714163521295253, 0.15471560840418275, 1.626880414522232, 1.7047193560827267, 0.47754033762371034, -1.840320257066993, -0.9194332307565033]","[-1.45429879039632, 0.062454988657491994, 0.6690189616963953, -0.575090099261147, -0.35029802165643376, 0.44819568913476626, 1.2708731447867314, 0.6446279924507927, -0.27708186086068265, -1.705296852733032]","[-0.10964043, 1.7000223, 1.6644648, 1.9659071, 1.0209115, -0.35573372, -0.86730623, -0.098141916, -0.2483606, 1.0443723]","(20, 10)","[-1.4832336902618408, -0.132308229804039, 0.6703301668167114, -0.6242425441741943, -0.35349348187446594, 0.34262317419052124, 1.3040834665298462, 0.6544467210769653, -0.22848963737487793, -1.6567474603652954]"
4,"[2.067124107644449, 2.5686384206666197, 1.548636252558472, -1.8934739577779094, -3.0603493921538383, -1.5460546475415136, 1.6060580025500382, 1.0334052925338875, 0.1531615255673301, -0.9281370649952224]","[-0.693415127317122, 2.3776218594069554, 0.7741830900319964, 0.39638626980657854, -2.2678525618196814, -1.3138441469219664, -0.027479017249070425, 1.8765519389757321, -0.26561020304814054, -0.041675643612006444]","[-0.32153404, 0.87765, -0.49033713, -0.19891763, 0.14733729, 0.577787, -0.19309717, 0.26445043, 0.38122365, 0.19206172]","(20, 10)","[-0.5680937170982361, 2.3900809288024902, 0.612689733505249, 0.49359071254730225, -1.957688808441162, -1.1418209075927734, 0.09244364500045776, 1.934601068496704, -0.22895777225494385, -0.05573076009750366]"
49,"[2.14139299167754, 0.737526324612608, -2.695596445213911, -2.1341644105411124, 0.6657921220924975, 1.325673640268029, 0.9371901206099983, 1.7274604421408803, 1.7147301263003336, 0.6381771095028151]","[0.8043065297415501, 1.339578816588556, -0.27351603354553244, -2.4876942727937057, -0.16550447102988075, 1.365076830518114, 0.37386154485964773, 0.18461263564298191, 1.2797484316356507, 0.7093535349504643]","[1.1639862, 1.8991692, 1.0225387, -1.4918578, 0.112203136, 0.4950142, 0.72295386, 0.49773452, 0.17328162, -1.1707466]","(10, 5)","[0.7844204902648926, 1.3442381620407104, -0.4443403482437134, -2.2116377353668213, -0.12806490063667297, 1.237024188041687, 0.7860805988311768, 0.17268571257591248, 1.3504024744033813, 0.6993021965026855]"
40,"[-0.36836396144562705, 0.06519317265661737, 1.635751843033155, 2.449605719636047, 1.5483543694146185, -0.8292807918568593, -0.32969365633440273, 1.8825053392083313, 2.7088104746043307, 1.0906967238931284]","[-0.5812837481657427, 0.22622470869326852, 0.04428450723364387, 1.476297710315528, 1.1850672466890688, 0.2890987898963857, -1.2818477360149774, 0.48834838423199606, 1.5959226711074035, 1.3083240769033426]","[-1.3243204, 0.08836541, 0.317746, 1.6883422, 1.230791, 0.56335914, -1.795194, 0.3085527, 1.3190248, 1.1908278]","(100, 50)","[-0.5951440334320068, 0.11107227206230164, -0.2049921154975891, 1.5005385875701904, 1.1326931715011597, 0.519555926322937, -1.1575915813446045, 0.2758479416370392, 1.4870713949203491, 1.2886303663253784]"
33,"[0.051313360279217346, -1.1941266547350573, -0.49330191249584987, -0.2879651952912808, -0.38518271615872435, 0.910538106739884, 1.4459594473898747, 0.3573531292499716, -1.7438237471703844, -2.374942746444699]","[0.40979852672944217, -0.17173057302537725, -1.05012836738866, 0.22027720420926217, -0.3100087285879514, -0.21573705199879123, 1.0197690331763154, 0.7174272412051574, -0.21103776202919583, -1.523701381644361]","[-0.9355242, 0.20463105, 0.17746043, 0.5627978, 0.87391824, 0.5693888, 0.5031772, 0.6585951, 0.8407778, -1.1836953]","(20, 10)","[0.3321678340435028, -0.07333359122276306, -1.1601098775863647, 0.23158878087997437, -0.2018854320049286, -0.28652212023735046, 0.9391182661056519, 0.9337984323501587, -0.19597026705741882, -1.5336464643478394]"
53,"[0.8606487645789926, -0.698624895079477, 0.3247693823306157, 0.2561256273314433, -1.4423109666184164, -1.363886937991038, 0.4991661019370947, 1.0112286877495094, 1.585008755485581, 0.21626299717768338]","[0.265048813981524, 0.6058523685828807, -0.9881464763454507, 0.836135192472873, -0.20599253751573976, -1.1845666400974775, -0.42464511278309747, 0.7537517913534417, 0.4249861728300906, 1.052846266692532]","[0.67350715, 0.67642945, 0.76570666, -0.40025413, -0.2298994, -0.36193973, 0.032018363, 0.61591816, -0.3866491, -0.43836704]","(50, 20)","[0.0754738450050354, 0.36855214834213257, -1.035212516784668, 0.548092246055603, -0.2508241534233093, -1.1679316759109497, -0.5027716159820557, 0.7363999485969543, 0.3865208625793457, 0.8063963651657104]"
30,"[3.6797197203677383, 2.6841988295801826, -1.355879757919341, -0.9314851555473704, 1.8615556975115024, 2.590151730329535, 1.4312375358488243, 0.6150920298430339, 0.27271521074882693, -0.30257438887931704]","[2.2680611852882304, 1.5951686431382428, 0.7361818187895564, -2.2575495106620993, 0.4052039180531669, 1.7588772214002821, 1.0941676434344587, 0.1085513784256289, 0.09262857065560362, 0.030194813684087607]","[0.2965473, -0.034783203, 0.27311018, 0.2406064, -0.5002227, -0.3804428, 0.34150556, 1.8302118, 1.2532035, -1.3271283]","(10, 5)","[1.8444442749023438, 1.6258724927902222, 0.6619979739189148, -2.008829355239868, 0.5488746762275696, 1.6666474342346191, 0.9674742817878723, 0.23353633284568787, 0.10337378829717636, 0.07800748199224472]"
39,"[-0.12378478423108075, 0.9491369505089282, 0.6007481699702958, -0.820814645641097, -1.45030813379365, -1.3368299005403044, -0.17220820268879794, 0.5880687080090562, -0.20713407563941955, -1.009909872293798]","[-0.832666583476078, 0.42770203432716575, 0.6580917841876694, 0.031719628191549665, -0.824801739006804, -0.6957426515276418, -0.488116887008025, 0.3578405252384085, 0.4027835460810094, -0.4476025217243036]","[-0.6462564, -0.15902176, 0.59223104, 0.17846769, -0.9258616, -0.7896592, -0.10467847, 0.29908943, -0.07632358, -0.5453863]","(100, 50)","[-0.7980803847312927, 0.3355848789215088, 0.6061298847198486, -0.16005158424377441, -0.7698767185211182, -0.6267616748809814, -0.60807865858078, 0.3931269645690918, 0.4275144338607788, -0.47288596630096436]"
23,"[-0.9623806480473136, -1.6709087756701242, -0.27783964327840793, -0.9500816447829181, -1.8826477468168035, -1.8395970086951476, -1.2454507077305115, 0.5701247373579653, 3.578944774899174, 2.747911711687151]","[0.2244577908873982, -0.7196011912342515, -0.8955135844193178, 0.6235868422247685, -0.9838691673736364, -0.986085573160205, -0.6569630704548068, -0.2732891378092062, 0.9986625784850635, 2.608809980961243]","[-0.27689, -0.647614, -0.83770037, -0.0690103, -0.7287959, -1.1883833, -0.7479152, -0.61979216, 0.76688755, 2.0672479]","(100, 50)","[0.1875331848859787, -0.86400306224823, -0.851235032081604, 0.4719843864440918, -1.3016884326934814, -0.9340872764587402, -0.7979171872138977, -0.3927435278892517, 0.8864260911941528, 2.220994472503662]"
51,"[2.7801558908965927, 1.444691466795002, 0.22295876801519848, -2.5569285765859204, -3.1433200735719717, -3.4560790809189634, -1.0621860721879726, -0.43184800559919734, -1.6916701320538288, -1.5772351497153858]","[0.7766095539038099, 1.5092634379067904, 0.04901523312506395, -0.19471922051779803, -2.2825688394175128, -1.3679811750332587, -1.8097561949270187, 0.5725625725246453, -0.28914206906765405, -1.306247810301119]","[-0.5642052, -0.7879342, -0.7721472, 0.6434524, -0.5973585, -0.013250761, 1.2109734, 0.5396734, 0.09893975, -0.40733632]","(50, 20)","[1.0797958374023438, 1.3034518957138062, 0.23739957809448242, -0.2804964780807495, -2.334916591644287, -1.1078743934631348, -1.571641206741333, 0.4314170181751251, -0.6721765398979187, -1.267287015914917]"
50,"[-1.1074164950471894, -1.667247989755705, 0.19933135239435407, 2.6694384717533595, 0.5175092354803723, -3.05929763846666, -2.1261798332655144, -1.5593888249869532, -0.17739849212898062, -0.0876300162353374]","[-1.294546947388063, -0.2366074011232765, -1.0893862651554058, 1.1065212951102417, 2.1352692745849344, -1.098365869404041, -2.7679909538095013, -0.07843375261235108, -0.6458314688944395, 0.5954661030718742]","[0.30858272, -0.13017443, -1.0361763, -0.7577803, 1.4229681, 0.31125346, -1.2463028, -0.8758302, -0.77107584, -0.24943858]","(100, 50)","[-1.4819295406341553, -0.266124427318573, -1.1549749374389648, 1.0993785858154297, 2.232532262802124, -1.2190579175949097, -2.689978837966919, 0.17963844537734985, -1.1641719341278076, 0.9642661213874817]"
7,"[-1.7962881168495544, -1.2732067659801491, 0.8889886203523798, 2.951012883596368, 1.2646958340563796, -0.3323120601885993, 0.0903106840418626, -0.13735260074694355, -0.9151583016949827, -1.3520889193794698]","[-1.6979879477709359, -0.7454477828226362, -0.32550058573588914, 1.3184102921595218, 1.873940559885067, -0.5083924541333209, -0.4523972732705274, 0.3736915045606189, -0.31349366034903536, -0.6613341613526174]","[-0.37191832, 1.7809044, 0.82040274, 0.18996993, 0.11064191, -0.46064565, -0.45336917, -1.1824294, -0.05720704, 1.1091685]","(20, 10)","[-1.548546314239502, -0.9759291410446167, -0.23414865136146545, 1.2426799535751343, 2.035679578781128, -0.43719837069511414, -0.5511627197265625, 0.21977075934410095, -0.41225680708885193, -0.7179573774337769]"
24,"[-0.5535449299134794, 0.4515542522223963, 1.5079982453383614, -0.6604978916087958, -4.020652389777224, -3.8083523193128563, -1.0488918440513808, 1.3564697966297397, 3.0180827103370307, 3.8053992266989916]","[-0.13959281783366606, -0.5625030558837307, 0.8307265152730099, 0.8584601253983307, -1.2342497862658417, -2.924323462317108, -1.4789920061043942, 0.18601474408834814, 1.1856101065724391, 1.9799765545278016]","[-0.04893094, -1.8607385, -0.6292435, 0.36959153, -1.8048469, -2.8599942, -1.5114797, 0.38165537, 1.2978841, 1.2919512]","(100, 50)","[-0.10152113437652588, -0.7706633806228638, 0.8414167761802673, 1.129438042640686, -1.2044543027877808, -3.21640682220459, -1.3650826215744019, 0.342373251914978, 1.2274976968765259, 1.8583338260650635]"
6,"[0.8053994409555097, 0.8856414169249209, 0.4943224239362206, 1.7995936753740582, 1.7673214780165216, 0.6334584440749447, 1.8001778240967057, 0.22129878296870098, -1.9224282693789516, -2.283598234786646]","[1.154181762262308, 0.28073871042940446, 0.46523209553226497, 0.006601158514352751, 1.5086673621169755, 0.4808786174696273, -0.12262831497498528, 1.5264053529358363, -0.9426057064355615, -1.4269595036371236]","[0.8681287, 1.0083569, 0.31672326, 0.0226676, 0.8860351, 0.41032004, -0.05085008, 0.8186887, -0.1682955, -1.5520847]","(100, 50)","[0.492875874042511, 0.6746393442153931, 0.31751954555511475, -0.04560078680515289, 1.571616530418396, 0.42554497718811035, -0.3683481812477112, 1.6226719617843628, -0.6850684881210327, -1.4887479543685913]"
52,"[0.4185223717210336, -0.7013853601343594, -0.06192313177101827, 0.011469453908906357, -0.4105014783487351, -0.28678503085709656, 1.0889963254811568, 0.9104242384465742, 0.40873433318946123, -2.1422188209835333]","[0.8040691481457317, -0.6414447251990103, -0.9512161279638374, 0.07843333430660326, -0.15522369059884505, -0.526892884985894, -0.2334979479877402, 0.8195753541725483, 0.05298585972257919, -0.25878414682054185]","[0.8740238, -0.09753354, -0.070125744, 0.75622034, -0.530424, -0.87457216, 1.349262, 1.3342757, 1.2911732, -0.7999883]","(10, 5)","[0.9277392029762268, -0.26859962940216064, -0.7259511947631836, 0.23048362135887146, -0.04328599572181702, -0.40551894903182983, -0.054461002349853516, 1.0273027420043945, 0.1890454888343811, 0.2195938229560852]"
14,"[0.5056551689111879, 1.2698229884982295, 1.8669604770978578, 2.0663476828423546, 0.21897598581297573, -0.9528005740642272, -0.41287904739377845, 1.4393575748899095, 0.9622441119074492, 1.907505078818939]","[-0.4947411292379962, 0.47585247742695347, 0.7074911634457628, 0.9508549250653081, 0.8752020117567811, -0.8486568578278808, -0.7429827043526088, 0.04827931331820043, 1.2949362878404205, -0.14636257777654219]","[0.28485116, 0.47609076, 0.8083053, 1.1061679, 1.6225553, -0.07345912, -0.39100552, -0.15754811, 1.2068576, 1.1340634]","(100, 50)","[-0.5261075496673584, 0.4795469045639038, 0.7883211374282837, 0.8862831592559814, 0.6999138593673706, -0.9279011487960815, -0.8183940052986145, 0.13529597222805023, 1.3685065507888794, -0.2110922485589981]"
56,"[1.1277697917032894, -0.6167016375988958, -2.2454707975740966, -1.7216037819454042, -0.2057979258287624, -0.6431066014382045, -0.994871653897775, 0.13107371707070214, 0.08136512881196556, -0.40860584270981265]","[1.4932332608778274, -0.150463460764925, -0.7908307717024965, -1.5521188273399953, -0.3400935963009949, 0.4056070116704839, -0.6943650738109282, -0.45114814296391403, 0.5635647929141253, -0.19104600176558528]","[0.8415291, -0.3903771, -1.362319, -1.9640034, -0.6841506, 0.25683078, -1.1304951, -1.2291358, -0.300047, -0.43234614]","(100, 50)","[1.3830296993255615, -0.1172000914812088, -0.9087291955947876, -1.3944692611694336, -0.6285219788551331, 0.46574610471725464, -0.5797886848449707, -0.771955132484436, 0.8793326616287231, -0.21929889917373657]"
55,"[0.9385057848644893, 0.4611060020433973, -0.7800011553020153, -1.16336574100135, 0.24006685469578415, 0.9343065873976425, 1.7347838283635246, 1.392368765525556, 0.9443571039674578, 1.4741979605798183]","[0.019199771295260376, 0.9445939944001398, -0.1916040302699541, -0.7725985027913772, -0.5591570285318274, 0.7551200250584911, 0.5078446919620754, 1.1364952604544252, 0.3652250065262217, 0.33691492541855234]","[0.22552373, 0.16531788, -0.61987174, 0.21477188, 1.57273, 1.0053928, -0.94920295, 0.30564767, 0.7268101, -0.98561287]","(10, 5)","[0.14849355816841125, 0.7015075087547302, -0.03717528283596039, -0.8740765452384949, -0.5429646968841553, 0.9665680527687073, 0.28740158677101135, 1.20583176612854, 0.7141519784927368, 0.35206738114356995]"
20,"[0.8896314159026872, -0.5813853203745856, -3.07725423138906, -3.178129315348814, 0.0009961796221158448, 0.4946515920223329, -0.9000429254088452, -0.9231928517859458, 1.8351160477986588, 2.4359315456730197]","[0.3169780660538139, 0.23955308411863402, -0.8252315518901419, -2.207631120269705, -1.1191528664064956, 1.2586714565432602, -0.06213299468736, -0.8855618301055772, -0.22463208837745324, 1.9249614026322623]","[0.94037855, -0.57481456, -0.8716063, 0.75440806, 0.73821175, -0.0256476, 1.0632486, 0.75421995, -1.4703159, -0.5042217]","(50, 20)","[0.1766098141670227, 0.45483556389808655, -0.9263354539871216, -2.249361038208008, -0.9911795854568481, 1.247864842414856, 0.00425836443901062, -1.0602550506591797, -0.35616520047187805, 1.4832977056503296]"
57,"[0.7691340464710884, 0.340600860179081, 0.8267172167726493, 0.6635427933439457, 0.6719199264570652, 0.6416426284352383, 0.8824718242536251, -0.2160054395044846, -0.8160575970590329, -1.6902358651616616]","[-0.5756662577300224, 1.055405343680052, -0.32285430653723707, 0.7543110797218349, 0.061480735402740516, 0.3729992154208097, 0.23000175569997783, 0.5088611179088792, -0.6585295025496603, -0.4274598617094892]","[-0.64914024, -2.098121, 0.23243995, 0.42458743, -0.5996841, 0.27540937, 1.2415156, 0.42673665, 0.3686409, -0.14398372]","(20, 10)","[-0.522142767906189, 1.0581246614456177, -0.14037862420082092, 0.6448632478713989, 0.2178930938243866, 0.33801302313804626, 0.28644201159477234, 0.43655166029930115, -0.7237792015075684, -0.3822813332080841]"
59,"[0.49104831094266865, -0.8048544390998214, -0.024775232916586676, 0.6952599203292249, 1.9603310146283763, 1.547732630353295, 0.6385240670328055, 0.6746580949314387, 0.3768624967118318, -1.8612362572169527]","[0.21564556269787982, 0.48258472432970934, -1.0545777689306586, 0.5001076048076871, 0.49991969488722765, 1.356045771336491, 0.41113479833921684, 0.03542376410098558, 0.5012348021240183, 0.06843656086329597]","[0.7245825, 0.44871363, -0.04255496, 0.29857385, 0.9867098, 0.5407089, 0.35331106, 0.07064026, -0.6060453, -0.1218199]","(20, 10)","[0.3307268023490906, 0.32786697149276733, -0.8260961771011353, 0.5127363801002502, 0.4154309630393982, 1.5059959888458252, 0.42049115896224976, 0.09010112285614014, 0.4588854908943176, -0.00020331144332885742]"
60,"[0.9526084233240861, 0.08244639626527595, 0.7032575939323291, 0.9462779478182216, -1.4780112925573055, -0.929984919829518, 0.30529261319500667, 0.7760026384822799, 0.49816301967014687, -0.9583953158693476]","[1.3741617108420967, -0.10197888305325103, -0.18363411825886006, 0.6623081591159171, 0.3771236888239907, -1.7332503233342136, 0.26824740574224776, 0.45503369913798986, 0.42305677351256993, 0.04595024281397678]","[1.6516583, 0.8720444, 0.11200541, 0.844781, 0.8054625, -1.3743492, 0.34663698, 0.7642741, 1.1326023, 0.9028985]","(100, 50)","[1.4059633016586304, 0.012088499963283539, -0.26320216059684753, 0.6927419900894165, 0.5170011520385742, -2.0130343437194824, 0.21805012226104736, 0.7148014307022095, 0.030091993510723114, 0.29108938574790955]"
67,"[-0.10932086797793605, -2.3759584597037526, -0.27903187809677243, 0.9552127848679067, 0.16574953757049932, -0.9983664309168176, -0.9120398214521346, -0.9474899843698715, -1.1983056533258027, -0.31428371150315515]","[1.6772515004556925, -1.3381555352702044, -1.649941896372735, 0.9848224469546089, 0.5746484244042203, -0.3139600897495691, -0.8387154772427668, -0.257502875336905, -0.5336929428182076, -0.6501814091817526]","[-1.0778039, -0.7037493, 1.2344806, 1.3275461, 1.0427854, 0.032005385, -0.025779247, -0.39876884, 0.87125325, 0.15116334]","(50, 20)","[1.6039763689041138, -1.2665715217590332, -1.7279767990112305, 0.8431648015975952, 0.5843979120254517, -0.1705826222896576, -0.8771300315856934, -0.2123696506023407, -0.5544099807739258, -0.6517051458358765]"
68,"[-2.485083915460492, -2.5769433457135267, -0.5272650754224179, 0.8330953983588225, 0.437108669782632, -0.9249725933620062, -0.34223249638355, 0.46424143462466905, 2.0860737485258207, 2.2017187375229894]","[-0.920806031842633, -1.526533700044308, -1.0535306134650757, 0.6441007214302726, 0.6033397306646431, -0.08400564613481945, -0.9254552695463614, 0.3440349148445363, 0.3553302845357489, 1.645682212960798]","[-0.86893404, -0.40016082, -0.69789124, 0.6907674, 0.7611956, 0.27021813, -0.12063247, 0.3781671, 0.80669254, 1.305781]","(100, 50)","[-0.9487323760986328, -1.4911532402038574, -1.0931118726730347, 0.5749428868293762, 0.6169754266738892, -0.19149768352508545, -0.7471101880073547, 0.25586414337158203, 0.24804586172103882, 1.6765230894088745]"
62,"[-0.38103550211399373, 2.3179132758350227, 1.9676456316651094, -0.6949430781875117, -0.015844449814724992, 0.7120288144408287, 1.6757146923382078, 0.37580041088353155, -1.5290659513724867, -2.3072879293107276]","[-1.744688659351071, 1.2471535252972688, 1.8626008171748005, 0.353764503248308, -1.469307034392041, 0.659530625591304, 0.45429834614353576, 1.0936652551552133, -0.6062988906752995, -1.3353803563069988]","[1.3713334, -0.12611553, -0.8819237, -0.0005168766, -1.0023632, -1.1467916, 0.6715004, 1.5041649, 1.5250009, 0.7422326]","(10, 5)","[-1.7531967163085938, 1.2183659076690674, 1.8448009490966797, 0.35405653715133667, -1.2934350967407227, 0.6990827918052673, 0.5324868559837341, 1.0607471466064453, -0.4842842221260071, -1.3721108436584473]"
17,"[1.9776637326387456, 2.2808021325809653, 2.317044702502045, -0.7175141667587497, -2.1281041285195292, -0.8441584517729043, 1.7475194681679131, 1.3316694908239595, -1.3700210622760884, -1.811697341144787]","[1.156218373665546, 0.6947561256945287, 1.1927028970201161, 0.9360993842787744, -1.5657279368031887, -0.9571450479780863, 0.19501390232669302, 1.6099732115667638, 0.015507159357091682, -1.4957714906984683]","[0.88842165, 0.33457258, 0.9825584, 0.06961922, 0.31422186, -0.48363918, -0.36202732, 0.5643954, 1.0793583, 0.40700886]","(20, 10)","[1.062364101409912, 0.6501134037971497, 1.2954145669937134, 0.7622257471084595, -1.8106621503829956, -0.8777656555175781, 0.11728046834468842, 1.70193350315094, -0.011615440249443054, -1.5315532684326172]"
15,"[1.9877180158333834, 0.6412507552841065, -1.3332199243664182, -0.5877213416820823, -0.04635724783356576, -0.15313840750309313, -1.3506328108232484, -2.250841349679237, -0.0869710897871927, 1.8672560230339834]","[0.4526162091559451, 1.5766792061248487, -0.6501895377294464, -1.1402602648302693, 0.3290538724206001, 0.013888658846866474, -0.12769438532566124, -1.1097382776214468, -1.1645264945763765, 1.0720202714031433]","[-0.08204752, -1.6085017, -0.21229097, -1.1869394, 1.2720932, 0.3644067, 0.43697304, 1.3638006, 0.52136976, -0.51674145]","(50, 20)","[0.7552375793457031, 1.4544060230255127, -0.526392936706543, -1.1982307434082031, 0.31200408935546875, 0.22820641100406647, -0.05285857617855072, -1.2557837963104248, -1.1934888362884521, 0.8434535264968872]"
71,"[0.9522399840519237, -1.169532400658353, -1.4476195133811665, -0.0609618985288381, 0.739031087695927, 0.5808766494264185, -1.7593410788728847, -2.721187982436676, -1.6816344238498644, 0.05833687127702186]","[0.39164914257280814, 0.6767825145440298, -1.901608932693974, -1.0084941763879112, 0.1679058376199729, 0.3798395622886697, 0.25464855378940365, -2.1828807949030544, -1.931524853860434, -0.7169187450703247]","[-0.7588006, -0.6860845, -0.42486194, -1.0715754, -1.0551414, -0.4219296, 0.7906677, -0.11352183, -0.24585584, 0.7582884]","(10, 5)","[0.48776185512542725, 0.8995993733406067, -1.4417402744293213, -0.44810646772384644, 0.4143940210342407, 0.6686391234397888, 0.13879285752773285, -1.6503181457519531, -1.49216628074646, -0.14399589598178864]"
27,"[0.5433834014821325, -0.2813752169572461, -1.6507690638399892, -0.5392228109744919, 0.0358458019989249, -1.3523093968168916, -0.28370180807418044, 0.4866379650562555, -0.9807717619087977, -0.8254637564587508]","[0.574373755153217, 0.14440912969110514, -0.42860946108342296, -1.3322432696883368, 0.41183139570766075, -0.13123660567841178, -1.3135848059262656, 0.6455335423774516, 0.15037240509340405, -1.158753415000371]","[1.01337, 0.615686, 0.28012812, -1.1541845, 0.6545752, 0.48038346, -1.1673931, 0.467025, 0.196843, 0.83239764]","(20, 10)","[0.4929065704345703, -0.054934605956077576, -0.18323232233524323, -1.4044854640960693, 0.4040021300315857, 0.13001291453838348, -1.4965893030166626, 0.863786518573761, 0.30638647079467773, -1.3546699285507202]"
1,"[-0.44777366358533155, -0.10574035166322028, 0.3966155421575484, 1.0972745116866522, 2.027988567456552, 1.1397070686752993, -2.2610192634955197, -2.39598013703586, -0.3067146415432615, 0.40023086770772087]","[-0.6517749351066231, 0.055707440612932146, 0.04692113128942428, 0.33380125965916857, 0.7193609829963272, 1.2220258705468945, 0.04261022906304768, -2.287274303830059, -0.6544276551265205, 0.7127537781594664]","[0.63732684, 0.76413786, 1.3944367, -0.24531169, -0.6041899, 0.7232587, 1.030883, 0.19845478, 0.1868434, -0.45746928]","(20, 10)","[-0.564428985118866, 0.07293163239955902, -0.012788638472557068, 0.41331183910369873, 1.046852469444275, 1.2968692779541016, 0.015196189284324646, -2.044414758682251, -0.6892842054367065, 0.6686520576477051]"
69,"[-0.16234568459449816, -0.2936882445415183, -2.30238624114441, -1.693834438789145, 0.2620232653263378, 2.012165567982864, -0.002596373005707031, -0.5044192760117522, 0.890082937014962, 1.8203041144753023]","[0.5385776662108148, -0.46650508119117584, -0.07899953776277174, -1.9313838199637776, -0.2643454384148036, 0.8215413260874809, 1.4770759721704934, -1.0280614726260329, -0.16448201764334838, 0.985673251451728]","[-0.98307693, -2.232948, -1.885697, -0.48474032, 0.35935113, -0.29640687, 0.14773276, -1.1086869, 0.76554734, 0.2361155]","(10, 5)","[0.34032976627349854, -0.3945598006248474, -0.19624373316764832, -1.9350850582122803, -0.2425556480884552, 0.6941127181053162, 1.4473882913589478, -0.6544162631034851, -0.3643650710582733, 1.0958607196807861]"
21,"[-0.12209518045912171, -0.49232190219066185, 0.273603898841564, 0.07303147537178839, -0.8278595447446644, 0.4218687285241316, 0.2656092206333669, -1.8561907060811473, -2.323855822887737, -0.9278921284749352]","[0.309076314784223, -0.21953935198972976, -0.38129807563950496, 0.5392857327683602, -0.2519429758569536, -0.676961365523415, 0.8711247285579777, -0.2565838211737983, -1.6806943896667719, -1.0632215428619762]","[-0.9758745, -0.06899442, -0.5006309, -1.4074872, -1.1413096, -0.7730709, 0.1049413, -0.6484848, -1.1212572, 0.71682584]","(50, 20)","[0.4804370403289795, -0.0528297945857048, -0.3818024694919586, 0.5079522132873535, -0.4943709373474121, -0.8943161368370056, 0.5694059729576111, -0.49594998359680176, -1.9418809413909912, -0.9110207557678223]"
66,"[-0.8265169580268706, -1.396541205475884, -0.9167166386413339, -1.5898361819775375, -1.0119721880242576, 0.02266458331775667, -1.046561352298553, -1.9815628641834506, -0.8337163979212412, 0.7585149439450467]","[0.05720858463476161, -0.8765536989084113, -0.7143457387701293, -0.19403583118479645, -1.152910978028756, -0.05343773886079706, 0.2991108041423098, -1.0943189718632684, -1.1086778366038765, 0.19069191502484023]","[0.8741111, 0.32411423, -1.1626093, -0.83695346, 0.3550874, 0.44051448, -0.06286784, -0.6861196, -0.8757915, -0.19801113]","(50, 20)","[0.07137942314147949, -0.8318338394165039, -0.6659462451934814, -0.11047565937042236, -1.0086760520935059, 0.056983113288879395, 0.4085049629211426, -0.958035945892334, -1.0116944313049316, 0.28721582889556885]"
72,"[0.33601750436686517, 0.44696086144959624, 1.5477168592623303, 0.9089844435908385, 0.08969874285455368, 1.1288989688706905, 1.1573235341285844, 0.644995806543942, 0.8025087475155676, 0.618384834647737]","[-0.49659825420663256, 0.7360499889559019, -0.06723705801801716, 1.3298585655862745, -0.253494433175674, -0.0009779418175047683, 0.9988469539813782, 0.24665470781129728, 0.17872211714835293, 0.478783520263252]","[-0.986553, -0.57800955, 0.15984088, -1.2700701, -1.220513, -1.5292606, -0.90919167, 0.7239805, 0.94124955, 1.4532719]","(50, 20)","[-0.4359140992164612, 0.7949432730674744, -0.06545621156692505, 1.1299993991851807, -0.2555719017982483, 0.09509521722793579, 0.8990784287452698, 0.3703356385231018, 0.2312946319580078, 0.5610179901123047]"
77,"[1.6381681811464013, 1.5163091051092064, -0.01503119565809874, -0.7291922849134499, -0.6024020784517252, -1.0381969221159666, -0.49444726436241826, -0.26433945326827135, 0.8936261423364658, 1.108942721816281]","[0.6339363739592173, 1.1403998555947295, 0.6058138444668979, -0.4636768964424038, -0.4054961286401473, -0.24900632118125965, -0.7681526367287492, 0.03882603311447452, -0.20226909164456452, 0.9126284843913488]","[-0.6035814, 0.052057188, -0.8933179, -0.28621545, -1.3456028, -1.1347473, 1.4944673, -0.3803733, -1.7110074, -0.4498755]","(50, 20)","[0.5967530012130737, 1.1823604106903076, 0.6694952249526978, -0.38602373003959656, -0.4944640100002289, -0.15433987975120544, -0.714547872543335, 0.009922891855239868, -0.13323506712913513, 0.877569317817688]"
70,"[1.1041198434913908, 2.498722261475809, 0.7070132528875621, -0.37924950941900215, 1.2425046147542027, 2.703513984021721, 1.785425395293896, -0.8307463292078725, -0.7578664514622202, 0.023382765994171464]","[0.8786424198696614, 0.33478203389821926, 1.8273816203124826, -0.6856174928807318, -0.16250260829634372, 1.424434009811171, 1.3099280986311845, 0.44909152869548147, -1.218472463750676, 0.1545445996148111]","[0.18360417, 1.1409463, 0.7150662, -0.7463346, 0.99546164, -0.15706307, 0.91725034, 0.30155918, -0.5278376, 0.8261712]","(10, 5)","[0.9433403015136719, 0.3661675453186035, 1.6571071147918701, -0.9871718883514404, -0.2485637366771698, 1.2093331813812256, 1.638420581817627, 0.2119290977716446, -1.3341357707977295, 0.10166493058204651]"
76,"[0.6284462840705773, 2.832357135252855, 0.7838583994273636, -2.4008159710761228, -1.276424057037398, 0.9441756474293519, 0.29418363882198173, 1.4631129432888905, -0.06437190747572186, -3.4901185360827855]","[-0.4341054948830401, 1.0343134686282953, 1.8900248874437944, -0.7766820192707358, -1.9427014283757207, 0.2798900964886105, 0.9958580854524277, -0.39571301114887303, 1.3888995383617164, -0.9937534776360208]","[0.797353, -0.10691519, 0.28129467, 0.7363797, -0.37693664, -1.3312284, -0.3171927, -0.3709232, -0.9502141, -1.0033547]","(20, 10)","[-0.6049789190292358, 1.2483839988708496, 1.8551160097122192, -0.923612117767334, -2.106675148010254, -0.06255215406417847, 1.0668089389801025, -0.41223597526550293, 1.340524435043335, -0.9727213382720947]"
94,"[-0.3082293840259648, -0.2968024086668181, 1.6957894015159427, 1.9099167868751448, 0.6237615270226489, 0.2904857733246174, 0.9414048756159239, 0.8087004644333763, -0.9667144195959287, -2.3180183124851075]","[-1.1856597651855432, 0.4431099026417323, -0.44420511639329785, 1.7620976786453346, 0.7106051197068982, -0.03993464776523912, 0.2794855432926554, 0.6966531719406536, 0.2813387064673429, -1.1166450382357296]","[-0.017589614, 0.32623762, 0.4260692, 0.93004024, 0.54418963, -0.2540743, 0.7113201, 0.9198383, 0.83425355, -0.50863814]","(100, 50)","[-1.10909903049469, 0.5316877365112305, -0.5305241942405701, 1.153647780418396, 0.4761415719985962, -0.1618831306695938, 0.18859010934829712, 0.9161211848258972, 0.2775023281574249, -1.098338007926941]"
74,"[-0.5623526981463747, 0.37797869313613547, 0.4125857230772335, -0.8539702986625579, 0.6425177323652328, 1.4567042111346191, 1.2699117989303987, -0.32059603873438003, -0.461653773125066, -0.21328967629013376]","[-1.2582413578482918, 0.1224011293247797, 0.41680326594617195, 0.11208656175378301, -0.8937070488638184, 1.1141285326329493, 0.6956856716248452, 0.5043533337631896, -0.7777646173862667, -0.02969801603906072]","[1.0631931, -0.46565384, -1.8449224, -0.9067463, 0.60379905, 0.14763415, 0.7180984, -0.93868554, -0.5356371, -0.23903033]","(50, 20)","[-1.0873982906341553, -0.18687164783477783, 0.6134798526763916, 0.27122628688812256, -0.9075387120246887, 1.2922258377075195, 0.8660772442817688, 0.47271519899368286, -0.6782968640327454, -0.32299357652664185]"
79,"[0.3212783034069509, 0.925336215464605, 1.413339881835395, 0.8285967290848415, -0.5435592959054865, -0.056201819171468714, 1.8646355226437261, 1.9385548012576812, 0.9224280275059789, -0.15752934733504564]","[-0.020878058423054457, 0.19950127322554992, 0.6804373654007313, 0.8080295945869903, 0.09370426836403178, -0.778587356622797, 0.31549022700204754, 1.618593968940023, 0.7463948658918663, 0.024758083858246627]","[-0.07602482, 0.75006735, 0.72344995, 0.91346085, 0.6350785, -0.49649334, -0.20947967, 1.0637882, 0.7501037, 1.0816084]","(100, 50)","[-0.04888976365327835, 0.025385431945323944, 0.9499364495277405, 1.0586984157562256, 0.2396622896194458, -0.8427035212516785, 0.10890128463506699, 1.8594175577163696, 0.7056518197059631, 0.09710731357336044]"
78,"[-1.786411214463587, -1.8354435815308485, -1.2823137440676615, -0.3262719890789862, -0.9540302994008945, 0.005323301806313019, 1.7321971066872592, 1.8547066062348914, 0.4942234998395071, -1.5670137052905864]","[-0.674789029181795, -1.1568657175212, -0.9246396675139519, -0.5123314281732814, 0.0765796076355058, -0.9040122023707977, 0.56477621208961, 1.3221754808924835, 0.8044536466457279, -0.14498520810928264]","[0.2753077, -0.3081295, -0.69371796, -2.3280902, -0.13190168, 1.3144892, 0.55671406, -0.30104873, -0.19085404, -0.199195]","(10, 5)","[-0.9555155038833618, -1.0873501300811768, -0.9855704307556152, -0.5346212387084961, 0.20047956705093384, -0.8788820505142212, 0.33449605107307434, 1.6220946311950684, 0.8197104930877686, -0.14430099725723267]"
28,"[0.523710630683018, 0.04752838082399702, -0.12177348507794875, 0.026768672560152126, 0.3361239468267235, 0.22293268048079945, -2.111120066759831, -0.4133371844290823, 0.5128633588881688, 1.8524875363268667]","[0.6964075811458937, -0.010083503123819726, -0.11412976189707469, -0.08651596911023933, 0.09020151152526203, 0.2651784077139686, 0.010131082909464531, -1.9771454021357346, 0.9265166891963988, 0.2821309072786614]","[-0.48582208, -0.26792288, -1.302735, -1.2536415, -0.54769206, -0.4879857, -0.97771317, -1.1653, -0.09825849, -0.94643885]","(100, 50)","[0.5961518287658691, -0.09784412384033203, -0.18468710780143738, -0.13351356983184814, 0.050655633211135864, 0.21008166670799255, -0.04936540126800537, -1.9863348007202148, 0.892642617225647, 0.2746340334415436]"
92,"[-0.47638607818833084, 0.2896693442622678, 1.2600691101965904, 1.9794712839398585, 2.3972614213846057, 1.74360811031123, 0.615770596118553, -1.260497787937056, 0.28965761125159295, -0.939215085030968]","[-0.3824373367408215, -0.29539852511882725, 0.5032605066907694, 0.9119965082674564, 1.217433151138989, 1.335876818508259, 0.5788943548457215, -0.023222128831020872, -1.3140941445502747, 1.1163755689158383]","[-0.35734412, -0.106463075, 0.18566133, -0.37960953, -0.3330189, -1.0715896, -0.86260563, 0.26953462, 0.1189525, 0.79899514]","(50, 20)","[-0.41579145193099976, -0.18000006675720215, 0.4283050298690796, 1.1024525165557861, 1.0010539293289185, 1.1260974407196045, 0.5246001482009888, 0.1088961660861969, -1.3279123306274414, 0.5336387753486633]"
82,"[1.1636955896271974, 0.551543475212207, -1.597994601477104, -1.644474056900559, -0.35267418935987405, 1.2896146463399254, 0.921871432679185, 1.7473868639972983, 1.0418311651243877, 1.0962248815547175]","[0.12830905263980336, 0.8050191124008704, -0.06662866329643308, -1.5761020228662421, -0.5675162319378334, 0.3132955232836269, 1.170670678998381, 0.12174904244858803, 1.2774046365644138, 0.07149047547484011]","[-1.9747694, -0.601924, 0.24052462, -0.20025715, 0.3670296, -1.7567682, -0.19681558, -0.48369008, 1.3671441, 1.4526687]","(20, 10)","[0.27806657552719116, 0.9277216792106628, 0.0304364413022995, -1.3259079456329346, -0.8177496790885925, 0.14766177535057068, 1.315236210823059, 0.10436457395553589, 1.3435125350952148, -0.053519025444984436]"
93,"[0.20159081728108763, -0.832456530206572, -2.34844928464669, -2.406744084546449, -0.626592421845463, -0.004427805454655487, -0.28116451627828387, -0.6482656161166611, -1.5171044233122044, -3.143487794109255]","[0.5954249532237216, -0.21354165076582518, -0.6627042493876932, -1.685362054882427, -1.1050245878980953, 0.23664105145732423, -0.08846207415968618, -0.23876621574969573, -0.42130628729381814, -1.0991910913735237]","[-0.8172365, -1.1203332, -0.99871534, -0.42217526, 0.13249764, -0.26357087, -0.28090876, -0.044654377, -0.5965259, 1.2164216]","(20, 10)","[0.4903397560119629, -0.38837718963623047, -0.764963686466217, -1.6963993310928345, -1.0612512826919556, 0.49783575534820557, 0.1428043693304062, -0.2212705761194229, -0.3380676507949829, -1.009695291519165]"
88,"[0.22461653339957438, 1.318030320057857, -0.08611223501594023, -0.8058442094657586, -0.7336720484304529, 0.6393652633056603, 0.027561054269627294, -0.4087066917385706, 0.8341597633245745, -0.9843083475757248]","[0.059508107983914926, 0.44608082237362123, 0.9203936706406568, -0.7494356389401792, -0.6735762468474761, -0.27730938406646954, 0.81701791440226, -0.3374823881910079, -0.4044963071451972, 0.8262553595289646]","[0.6826123, 0.3602218, 0.9360676, 1.5338883, 0.56014395, 0.8116045, -0.50490505, -0.39667362, 1.23243, 1.5277879]","(50, 20)","[-0.08609442412853241, 0.5165684819221497, 0.9243918657302856, -0.4759182333946228, -0.4488350749015808, -0.09138516336679459, 0.8425678610801697, -0.4248620867729187, -0.3278956413269043, 0.8786270022392273]"
34,"[1.5659960799344281, -0.4803619457547359, -1.0839423596483155, 0.1675213475082694, 0.9709578066105129, 0.1238356957633096, -0.6905410299778845, -1.3810468241012401, -1.5426304109503217, -0.14750334587360048]","[0.5728656478956963, 0.8722564671540489, -1.1459477548705324, -0.400012815153119, 0.5735033567535909, 0.5927367307592375, -0.36220643333157915, -0.501302302197872, -0.8427655651461274, -0.6800261812666125]","[1.2640488, 1.6204526, 0.62189025, 0.8891731, 1.6760373, 1.542272, 0.8791969, 0.93794996, 0.20594378, 0.39679658]","(100, 50)","[0.542180061340332, 0.8446226119995117, -1.0481245517730713, -0.42041704058647156, 0.5603079795837402, 0.7021650075912476, -0.571419358253479, -0.5768111944198608, -0.9899511337280273, -0.7254880666732788]"
86,"[-0.6597796119947241, -1.3459889959585982, -0.7114255402078072, -1.0230528737738915, -1.4463509436814377, 0.37292661399897864, 1.444459644565084, 1.1575064800879824, 0.9256016173664637, -0.39227314322700135]","[1.0035803761625421, -1.4325782777843754, -0.19725085345957308, -0.1869063914824572, -0.7320855077700861, -0.5730856428727958, 0.8436166750558439, 0.6563974100455443, 0.3218549328666628, 0.44789541566981195]","[1.0884209, -0.40425953, -0.14821166, -0.116844326, -0.26520082, -0.3967581, 0.62508065, 0.7314046, 0.35545138, 0.32510084]","(100, 50)","[0.8510881662368774, -1.30802583694458, -0.35942012071609497, -0.27592241764068604, -0.46825939416885376, -0.6792910695075989, 0.8682180047035217, 0.6056773662567139, 0.1980862319469452, 0.3448760509490967]"
89,"[1.1097467982772344, 2.7494568229333805, 2.793437258117477, 1.2762010586136605, 0.3916148593513883, 0.9368139977123908, 1.0682075952905798, -0.2573166031314196, -0.2766141739103809, 1.5269399600003974]","[-0.10581003768029901, 1.0505671574021462, 1.856714072215273, 1.298035347620126, 0.2289947538284659, 0.14169663145539801, 0.7648113663301488, 0.48769676132575124, -0.594918776472785, 0.08985147297675905]","[-0.11793422, 0.08242621, 1.1588824, -0.22533819, 0.068209514, 0.6967951, 0.8033765, -0.33388054, -0.38298988, 0.56523776]","(20, 10)","[-0.1197495311498642, 1.2326868772506714, 1.6715072393417358, 1.271637201309204, 0.1721101552248001, 0.03415466845035553, 0.8062928915023804, 0.4487791061401367, -0.7222516536712646, 0.17703889310359955]"
98,"[0.656405584432002, -1.207656509505517, 0.5993212325163169, 0.583045848020239, -0.9246790935825699, -0.8244523844859435, 0.08045860789221096, 0.5647606216955552, 1.0008906723266189, -0.033911890927044164]","[0.8923803247908519, -0.27793087146404966, -1.1163081611446457, 1.1577458161061378, -0.004825251784283113, -0.9336506952898447, -0.18801392101180886, 0.33048519286749406, 0.3611302555609465, 0.6063882353062572]","[2.317569, -0.111459345, -0.88287586, 0.41931447, 0.24304092, -0.78191054, -0.37443894, 0.17946793, -0.061075255, -0.0015993901]","(100, 50)","[0.7889305949211121, -0.15763036906719208, -1.3749454021453857, 1.3471750020980835, 0.26161134243011475, -1.0808541774749756, -0.23925630748271942, 0.3650512099266052, 0.5650595426559448, 0.7433305382728577]"
83,"[-0.6545817741299405, 1.434024738276674, 0.34749362506855164, 0.5199948567396283, 0.721188136451574, 0.43640808211075144, 1.45987711423287, 1.1287010228834997, 1.2488000179907937, 2.319392260813648]","[-0.5221744572880407, 0.2762225748259858, 1.3427768277193306, -0.6297091235969534, 0.5615262354960142, 0.25777126133788264, 0.05826696042957505, 1.0999153472471983, 0.12378776932281355, 0.6801486777008658]","[-1.5550338, 1.217996, -1.1888849, 0.67597294, -0.6362582, -1.5173203, -0.35319352, 1.0647702, -0.8164922, -1.0477701]","(50, 20)","[-0.530837893486023, 0.29653698205947876, 1.4397931098937988, -0.7668638229370117, 0.8317682147026062, 0.12071353197097778, 0.24556046724319458, 1.0899136066436768, 0.15775275230407715, 0.8085514903068542]"
90,"[1.7130880261288133, 1.5009803564878188, 2.081887324413866, -0.419534550644592, -0.9755141657726423, 1.0185698970243244, 1.645341301515098, 1.0585931284142258, 0.9759343192926778, 0.08256095322825291]","[0.528086915753646, 1.153239235122166, 0.5605761650499067, 1.4208439452932076, -1.2969912016585519, -0.11195524362085257, 1.0628744722003372, 0.7542254860651231, 0.3934725587352254, 0.5804240976711197]","[0.43471998, 1.3226402, 0.3788353, 0.7009774, -1.6782643, -1.1794567, 0.7990677, 1.16791, 0.1911209, 0.059315566]","(100, 50)","[0.8005601167678833, 1.371516466140747, 0.7090100049972534, 1.2929930686950684, -1.1568955183029175, -0.23247066140174866, 1.3861252069473267, 1.0591425895690918, 0.36230042576789856, 0.4940994083881378]"
95,"[-1.8408205377327054, -0.03628414253457146, 0.47017977591069965, -2.5357434101446676, -2.625633797650085, -2.178204033737437, -0.8323780526776967, 1.887831065411457, 0.7018165890233634, -1.0450361336430805]","[-0.4618821121901112, -1.0395328573791636, 0.8195158570944779, 0.10628075772980713, -2.414362865290848, -0.7737494337793162, -1.0161757374005664, 0.1748565831494701, 1.8147812270343127, -0.545007247874711]","[1.0527325, 0.60721076, 0.48902747, 1.2059547, 0.30050215, -0.7634469, -1.0462947, 0.5777101, 0.8657995, 0.6215589]","(20, 10)","[-0.1518978774547577, -0.8590313196182251, 1.0104131698608398, -0.28225934505462646, -2.1954522132873535, -0.8685967922210693, -0.5061991214752197, 0.39967793226242065, 1.941840648651123, -0.5877012014389038]"
99,"[0.8573606561197087, 2.6652747225376228, 2.553801771180517, 0.32072359499827585, -0.3090027839208697, -0.5610798974268356, -1.999372983436337, -0.9593340330067425, -1.5437940233328593, -1.4610008393222689]","[-0.5237227771837908, 1.2423107816756107, 1.6509003690145843, 1.1761509544540445, -0.5929358290867147, 0.06798005801411941, -0.5236989517273575, -1.5293754609461963, 0.1929094815284939, -1.494472345243014]","[0.09118813, 0.13552418, 0.80047685, 0.63911074, -0.29673895, -0.32046163, 0.10772682, -0.86903757, -0.42579463, -1.5354636]","(100, 50)","[-0.38109880685806274, 1.159970998764038, 1.7803235054016113, 1.1421852111816406, -0.6782622337341309, 0.13828423619270325, -0.29875704646110535, -1.5290215015411377, 0.29079771041870117, -1.248657464981079]"
87,"[-3.453753699772272, -0.6902689726117852, -1.0857188978948584, -0.3239988130660879, 0.5905938518679926, 2.061073845904555, 0.8168329171895543, 0.22593668313470427, 0.21798706491249104, 1.2783242143974283]","[-1.8022103491570092, -1.6097914364143477, 1.0149319977792417, -1.2856660102395105, 0.5795685454379274, 0.34585818559036463, 1.5551414207643361, -0.5044691646472182, 0.22517395321554473, 0.035896662600314065]","[-1.0934881, -0.31908882, -0.10289205, -0.123306595, 0.83885163, 0.33289117, 0.059389636, 0.5278859, 0.9695873, 1.3158295]","(50, 20)","[-1.7635825872421265, -1.7135051488876343, 1.008105993270874, -1.1896382570266724, 0.6236063838005066, 0.4536314606666565, 1.579530954360962, -0.525535523891449, 0.2915089726448059, 0.04044993221759796]"
100,"[2.1864307920249866, 2.0639327647448313, 0.10103989620108295, -0.32115888400398673, 0.6268021476008949, -0.07151195867502458, 0.8386928412588855, 1.8947658704269013, 1.32160338274791, 1.6006802152055026]","[0.40413855309139735, 1.953445488017461, 0.7179691403751606, -0.6667820147469078, -0.1333805803407202, 0.6821207065404713, -0.41946660234941846, 0.8798187858087745, 1.2210536006323212, 0.3325845428825374]","[0.43330535, -0.08496183, -1.2428142, -0.39625293, 0.56354576, 0.26531816, -0.62231046, 1.1230627, 1.7456245, -0.19717431]","(10, 5)","[0.3205750584602356, 2.0068204402923584, 0.8629623651504517, -0.8327594995498657, -0.19951853156089783, 0.4449205696582794, -0.12012264132499695, 0.6732383370399475, 1.3059965372085571, 0.27577444911003113]"
84,"[1.7657596647186145, 0.80593265424549, -0.49099348239789453, -0.6131802149332892, -0.8930455165630119, 0.3785499607319385, -0.9713944955957852, -1.5850208204140368, -1.3141875053091447, 0.4742749949797309]","[1.186890127143106, 0.7626990371791288, 0.16356557756298848, -0.5892751786860989, -0.16233802216755255, -0.6732721299334608, 0.8039957134275276, -1.3924917347720884, -0.5540909492948075, -0.7321475276292586]","[-1.6303084, -0.04244184, -0.98541784, 0.37280396, 1.2665488, -0.4938674, -1.3360059, -0.1239047, -0.05122161, 0.106676966]","(20, 10)","[0.9310330152511597, 0.8038216829299927, -0.07335016131401062, -0.6254141330718994, -0.22161951661109924, -0.749342679977417, 0.9022194147109985, -1.3719745874404907, -0.5880877375602722, -0.7396664023399353]"
85,"[0.783565604740575, -0.23128560047596272, 1.245591134008775, 0.5255730375733589, 0.13670485802958854, 1.2243003148685252, 0.5537325694994476, 0.5876690299764378, -0.9171186822264674, -0.23122972465852398]","[1.0985822030911276, -0.5842846584485951, -0.4573238499806719, 1.027557065453414, -0.41843868959040853, 0.03851074924451521, 0.8576307313823676, -0.24453221281735993, 0.38278879153859535, -1.2341201754144588]","[-1.2125583, -1.3722901, -0.3092385, 0.06427095, 0.36799034, -0.2650157, 0.18798992, -1.1218982, 0.018130522, -0.42832187]","(50, 20)","[1.2010244131088257, -0.5409677028656006, -0.12849432229995728, 1.2169559001922607, -0.5175107717514038, 0.14392709732055664, 0.9858220815658569, -0.4237191379070282, 0.4881613254547119, -1.208695888519287]"
97,"[-1.5808474741224197, -1.2290528862580499, 1.346181297541957, 1.1976573512813244, 0.3366372538547029, -0.6307799657498392, 0.1618084638687156, 0.2954837610351196, -0.2282927930042342, -0.06259748933095696]","[-1.3072190919593178, -0.6144420136412341, -0.6147636498709492, 1.604485879098393, 0.11279911608266413, 0.10107224793906075, -0.5985218387333011, 0.5006276466427595, 0.002299344963838046, -0.25580989896429795]","[-0.8182285, -0.58250684, -0.2908606, 0.045724515, -0.6067316, -0.9144813, -0.6457598, -0.3129884, 0.64175105, -0.41158986]","(50, 20)","[-1.3004608154296875, -0.5879513025283813, -0.39558783173561096, 1.8145723342895508, -0.049643874168395996, -0.15233302116394043, -0.6532050371170044, 0.41329798102378845, 0.18797996640205383, -0.3265363276004791]"
81,"[-0.5811029134529359, 0.4310004762787655, 0.6375594550160434, -0.18088458138817717, 0.11779146978495952, 1.0227561550962823, 0.8887016571627435, 0.16692453209748487, 1.3827431017558145, 2.904046528960264]","[0.3470502248439199, -0.6592954249529045, 0.7647819224540866, 0.13046455552225478, -0.3059316162751318, 0.30868707300795944, 0.7327524622666131, 0.2992586424709113, -0.08338426004829055, 1.280910272231706]","[-0.93585557, -1.238998, 1.2804501, 0.29434067, -0.52577454, 0.25814572, 0.843356, -0.10421297, -0.9560566, 0.2420863]","(50, 20)","[0.3269771337509155, -0.5698897838592529, 0.815147876739502, 0.12372481822967529, -0.19159793853759766, 0.2942286729812622, 0.7508031129837036, 0.3015526533126831, -0.043825626373291016, 1.2106096744537354]"
96,"[-1.2741581362232641, -0.735933208541081, 0.27360876414691276, 0.4293168106664177, 1.612928681231648, 2.462793050964408, 1.3723185701398026, 2.5126341570302753, 3.22601166774103, 1.4886932623391762]","[0.11799775594943539, -1.2075134725782466, 0.21385354773059628, 0.341746202979504, 0.17023055633874418, 1.3331805680571835, 1.2734274174631564, 0.05595113927482165, 2.009168069022067, 1.4511184734249842]","[1.606885, 1.2557709, -0.44296837, -0.6620846, -0.9223538, 1.0318624, -0.3572009, -0.7357862, 0.71366936, 0.7018123]","(20, 10)","[0.2910577356815338, -1.3301126956939697, 0.27594465017318726, 0.5697160959243774, 0.12525209784507751, 1.2470473051071167, 1.2481249570846558, -0.22344756126403809, 1.8086378574371338, 1.3854228258132935]"
91,"[-1.1289669884288405, -0.3500837920234936, 0.3588623852690576, 0.6709128788251884, -0.7690741376259973, -0.999432036295885, -1.3230171276914775, 1.9302983069410935, 2.4770209522318285, -1.8142838600653524]","[-0.775770751971134, -0.6065385172397775, 0.13701538166390853, 0.2903648290306509, 0.4316252102192558, -1.0308934678187849, -0.3367104231584969, -0.9317240756548857, 2.4234286094631643, 0.9257261525761055]","[-0.3034506, -0.3862627, 0.28470135, 0.17724, 0.65788734, -0.98132145, -0.36595115, -0.19070448, 1.8418581, 1.3487312]","(100, 50)","[-0.9184024930000305, -0.5129783749580383, 0.3826105296611786, 0.35379528999328613, 0.16738872230052948, -1.0833920240402222, -0.2329419106245041, -0.9637202620506287, 2.16886305809021, 0.8878903985023499]"
47,"[-1.7111665383308072, -1.3271955440327867, -0.8947412509936394, 0.5082325191167953, 1.644393493709316, -0.3910509437959291, -0.09076708797623323, 0.1277131193985414, -0.8578829534384619, 1.2438912514993927]","[-0.7075626131111338, -1.2383178570726858, -0.1879116397094991, -0.3629981844961583, 0.8383072300057273, 0.9557272921926754, -1.18814758271568, 0.536378732735726, -0.09622450215876613, -0.7452347905709074]","[-0.064281926, -1.1741357, -0.7122628, -0.4590885, 0.13320227, 0.33180472, -0.6978004, 0.018719565, 0.1542795, -0.76660174]","(100, 50)","[-0.47092825174331665, -1.3816630840301514, 0.18032105267047882, -0.4263104200363159, 0.8267994523048401, 0.8920460343360901, -0.9835055470466614, 0.8726115822792053, -0.08303363621234894, -0.8714450001716614]"
63,"[1.5183510787843302, 2.3937143568473545, 2.5425282829933686, 0.6313434942478507, 1.2377169419351737, 0.15686896505073666, 0.02589841203218335, -0.08404419849605466, -0.5951041478727183, -0.5938219288017121]","[0.3674664350554853, 1.209100590949312, 1.3073123429017541, 1.226765601697761, -0.45726929582686715, 1.1474626470513474, -0.5715000274150597, 0.21877239332270845, -0.16568949983699843, -0.4390685058663429]","[0.96175945, 1.8723595, 1.4785036, 0.78961533, 0.31924987, 1.036153, 0.1989202, -0.007867411, 0.029328324, -0.34866923]","(100, 50)","[0.1365119367837906, 1.399903655052185, 1.3045777082443237, 1.424989104270935, -0.1936412900686264, 1.356223464012146, -0.6748226881027222, 0.3691476583480835, -0.26281675696372986, -0.35947516560554504]"
65,"[3.4335508773089245, 3.144454023541827, 0.841010547351804, -1.5892790549141784, -1.825150136671232, -1.909472434156661, -2.6573631781809595, -2.932104031235805, -2.411024914237837, -0.6711922413533821]","[1.515136408141493, 1.8802918457662852, 1.021028113278461, -0.6121721804521955, -1.453917778330827, -0.5947901338371935, -0.8917008017908111, -1.4290476028397143, -1.2573490425872489, -0.7783930601861]","[-0.14099632, 0.89124143, 1.0632417, 1.0096475, 0.40540615, -0.8307126, -0.08587445, -0.068009354, 0.0018569157, 0.693753]","(50, 20)","[1.5168973207473755, 1.635422706604004, 1.3253964185714722, -0.4845138490200043, -1.8073290586471558, -0.025237224996089935, -1.0182191133499146, -1.3259425163269043, -1.2210896015167236, -0.8502277731895447]"
54,"[-1.6548414401155862, -1.0923288020554764, -0.20930414280020937, 0.48050805157153986, 1.5395672153751465, 2.6580351381390885, 1.3425125521817323, 2.114649888439951, 2.759196543252524, 2.1465735566472923]","[-0.37883313989930756, -1.220470392224101, -0.004599764676595952, 0.0992513299130032, 0.4419507951183343, 1.0610928684965615, 1.5172784753749151, -0.16255086967498544, 1.62645138282076, 1.2127117681134307]","[0.6903805, -1.421884, -1.2803565, -0.30391625, -0.17334968, -0.88334084, -0.8022025, -0.052168023, 0.41283974, -0.78778297]","(20, 10)","[-0.5975425839424133, -1.2109055519104004, -0.14782840013504028, 0.10103854537010193, 0.44873398542404175, 1.004399299621582, 1.4969203472137451, -0.03071916103363037, 1.7781867980957031, 1.0401194095611572]"
42,"[-0.06858052528652114, -1.9751580636656185, -2.034305230401492, -1.3042183002903787, -1.4179465516388512, -1.0646669975907521, 1.5073995488094774, 2.3797839958092455, 0.4982002654262605, -0.0017346807961412525]","[-0.2685296916932461, 0.06565912405435878, -1.780518302469876, -0.6201539705268138, -0.43043354527370264, -0.7865157431154621, -0.2974669364376587, 1.7261797665973995, 1.0658875791957843, -0.5575733202661557]","[-0.25103104, 0.059527338, -0.33561224, 0.259066, 1.310045, 0.5462931, -0.1638966, -0.91632646, 0.47617698, 0.9456168]","(10, 5)","[-0.03710392490029335, 0.31732138991355896, -1.7187986373901367, -1.1609675884246826, -0.49106067419052124, -0.8429197072982788, -0.3646787405014038, 1.1392402648925781, 1.1927015781402588, -0.7628914713859558]"
43,"[0.2356787515456633, -1.4567976706763466, -0.6717081563961931, 0.7491927737602012, 1.8401161990665307, 1.2543654619093307, 0.4236550841755755, -0.2638848934160358, -1.8015295186173412, -1.6143054619232844]","[0.8936651462706593, -0.35428310521891593, -1.2792447708010775, 0.2924188003402609, 0.7753355251372487, 1.1856339835696068, 0.16920222594357437, -0.03971924540200142, -0.35274677496824924, -1.4550040843801564]","[0.4866534, -0.8003311, -1.6340877, -1.8769878, 0.9613432, 1.8397747, 0.7943387, -0.22631298, -1.4592655, -1.375087]","(20, 10)","[0.8867604732513428, -0.6045114994049072, -0.891585111618042, 0.10651415586471558, 0.7943546175956726, 1.0679773092269897, 0.005178868770599365, -0.1376139521598816, -0.19079232215881348, -1.3559067249298096]"
48,"[1.1399513399307817, 2.430756152965367, 1.934636891961126, -0.8375189558567607, -3.010068500613653, -1.667091680285292, -0.0882044017550313, 1.0351423008721765, -0.28129497585500673, 0.049888017237669335]","[0.2527927971469749, 1.2551266859745698, 1.4636846934556789, 0.6113991855572031, -1.4947160328622155, -1.9827292060191344, -0.0026393513382897416, 0.3314610514120714, 0.8491999904617236, -0.8595332152045754]","[1.6103083, 1.3029046, 0.32219964, -0.11620975, 0.21446088, 2.0745962, 0.20215073, -0.13990429, -0.40845656, -0.25038034]","(50, 20)","[0.2792569100856781, 1.0455337762832642, 1.425647497177124, 0.7857378721237183, -1.3727524280548096, -2.108424425125122, 0.28669610619544983, 0.1785697340965271, 0.6585948467254639, -0.7592037916183472]"
58,"[-1.1360804360825063, -2.3528033865031404, -1.9444738901971435, -0.3170785714627838, 0.2701104409570658, 0.5509030547183833, -0.37519938614217074, -0.22247583389512038, 0.902296877008832, 1.680020654510379]","[-0.6361283294126752, -0.625676667944752, -1.73625832465699, -0.6454829527459034, 0.2508216102358795, 0.10380203200990953, 0.42100217670091283, -0.6234307543027503, 0.16459994030907102, 0.790045942156635]","[-1.3028548, -0.44083112, 1.1679938, 0.71745217, 0.61560214, 0.5172761, 0.3609005, 0.49553376, -0.34252736, 0.45217976]","(20, 10)","[-0.8193392753601074, -0.7751897573471069, -1.7745397090911865, -0.4343496561050415, 0.02012091875076294, 0.34700098633766174, 0.3837415277957916, -0.9026403427124023, 0.2658555209636688, 0.8681647777557373]"
26,"[-2.137207159941018, -1.548716462312171, -0.4097235362139258, 0.09950230877584003, 0.3047697198963778, 0.3717224578572047, -1.0782700431902128, -0.9204881218738453, -2.2284802823007532, 1.6278903209138331]","[-0.4861948869418209, -1.6747748324901752, -0.33889768876269866, -0.03060427562332574, 0.1003634548206492, 0.22428370469482423, 0.19228663587109976, -1.1309780315006357, -0.1564593221025476, -1.8486374270029229]","[1.3263555, 0.7506109, 0.16344477, -0.79149526, -0.45075798, 1.6531135, -1.6913568, 0.027968312, -0.022121299, 0.09425657]","(50, 20)","[-0.6231585144996643, -1.8295445442199707, -0.26625174283981323, 0.12516623735427856, 0.18141800165176392, -0.0170709490776062, 0.026202857494354248, -1.114245891571045, -0.28637629747390747, -1.6011204719543457]"
64,"[0.960188229976986, 1.9874423379743371, 1.0987946114776337, 2.0902947357532593, 2.476175664241769, 0.8121078065848485, 0.3355804188099139, 0.0889636597566559, 0.9725893746154093, 1.7738191075207315]","[0.765242268711644, 0.3161222113477181, 1.602256671026764, -0.026237707576997782, 1.8247733014742569, 1.1583311351694596, -0.14879648986071953, 0.3576464174492705, -0.12216291058349105, 0.9427720595279844]","[0.61601627, 0.03549612, 0.82268053, 0.36626354, 0.8215202, 1.1616776, -0.32576704, -0.41612336, -0.058586873, 0.19913495]","(100, 50)","[0.6392558813095093, 0.24554568529129028, 1.6227481365203857, -0.004562791436910629, 1.8140065670013428, 0.7173004746437073, -0.23755937814712524, 0.4096687436103821, -0.21178677678108215, 0.8263452053070068]"
44,"[-0.5056082778797509, -2.0875265911689587, -1.0587424355010804, -0.5779309381379442, -0.9511686886023605, 1.2944907615656183, 0.7781956316766037, -0.40165013354457113, -0.7305511989994586, -1.953595362675893]","[0.9066305753061508, -1.2208049026204264, -1.2468554215245324, 0.05879457631494778, -0.28627994058888323, -0.5946582446404589, 1.6193754459059666, -0.2692493330872315, -0.43113926179272233, -0.3794094162601078]","[1.1498282, -2.215828, -0.52211845, -0.43250698, 0.75146145, 1.4330422, -0.1990871, 0.41058946, 1.0618082, 1.2071035]","(10, 5)","[1.072450876235962, -1.0545382499694824, -1.1984299421310425, 0.02030046284198761, -0.3698877692222595, -0.6829146146774292, 1.5529423952102661, -0.2444963902235031, -0.3617209792137146, -0.6118170619010925]"
61,"[-3.057948799466865, -3.963349443448349, -2.2110460710511606, -1.0383298758388935, 0.3293943821787133, -1.067748810281296, -2.149024809062282, -2.0398062169834312, -0.14888278236076757, -0.21845981564460837]","[-0.8349129540188744, -2.401717789213315, -1.7660645319295576, -0.5122459526802061, -0.44357341727892163, 0.6633123152491518, -1.4304668954737363, -1.0591108022610853, -0.9059390980381001, 0.583652906700815]","[-0.09095605, 0.32275856, 0.5501987, 1.4397713, -0.09255071, 0.9815173, 1.4339522, -0.650922, 0.5026985, 0.9340098]","(20, 10)","[-0.7739923000335693, -2.751803159713745, -1.4552770853042603, -0.46081963181495667, -0.0724274218082428, 0.6179844737052917, -1.7543681859970093, -1.0177985429763794, -1.0987755060195923, 0.45318660140037537]"
73,"[-2.5376221671283297, -1.2580984383368738, -0.3346163985270597, 0.49886123812781336, 2.9658841044232194, 2.5419784354427586, 1.748233198849274, 0.6511930271995904, 0.4982793667647232, 1.3323473686472305]","[-1.5349323304214566, -1.4365214899083232, -0.14916478814154396, -0.12136248646733547, 0.537158609116827, 2.5374839110298595, 0.782471509987776, 0.9299344802476662, 0.04163886857360932, 0.3493396369470475]","[-1.2397369, -1.566402, -0.46796024, -0.29847005, 0.07621346, 1.653205, 0.77551645, 0.33026016, 0.008462584, 0.06382482]","(100, 50)","[-1.6285606622695923, -1.309243083000183, 0.07973639667034149, -0.18166585266590118, 0.5375204682350159, 2.31493878364563, 0.43906325101852417, 0.5209643244743347, -0.07067044079303741, 0.44972479343414307]"
80,"[-0.5613858153862623, -0.790461367838833, -1.0409663342353854, -0.5568659070484537, -0.5045889880848211, -2.70230625342549, -1.7096012135254275, 0.5860291433465896, 0.6817901070537535, 0.15430797407978392]","[0.6363220474942868, -0.8645520134553848, -0.30950175417330317, -0.6585186406113712, -0.13649868349426625, -0.31122480786663254, -2.3493995156290315, -0.15971581488212627, 0.8947193077612663, 0.035749952358827414]","[0.8778443, -2.5100615, -1.0342273, 1.1657497, -0.43702462, 1.9463187, 1.7584288, 1.2640513, 0.8590628, 0.9404395]","(20, 10)","[0.506626546382904, -0.9046384692192078, -0.07394963502883911, -0.5391471982002258, 0.1707509160041809, -0.14911025762557983, -2.3979456424713135, 0.014321863651275635, 1.0079190731048584, -0.18498152494430542]"
75,"[0.7570397944851985, 0.3264153638780595, -0.45909094353956986, -0.5826039118794046, 1.1674121532790114, 0.08484646261257223, -1.0267676834885384, -1.9540044488697927, -1.235315180233392, -0.3720651649076729]","[1.1959159400736192, -0.022103883672329572, 0.13276699081956803, -0.5799964233182612, -0.16760448547852785, 1.3346759094942358, -0.8367014542516629, -0.6018440595595713, -1.31661241265349, -0.06963606316925308]","[0.5691094, 0.15532991, 0.07109399, 1.5182953, 1.8748268, 0.30532122, 0.9302319, 0.34713832, 1.1629441, 0.47872457]","(50, 20)","[1.3873169422149658, -0.06599338352680206, -0.06429238617420197, -0.6566112637519836, -0.3669963777065277, 1.557840347290039, -0.46889641880989075, -0.9416435956954956, -1.2048208713531494, -0.21964354813098907]"
